CSK_scafold,count,source
C1CCCCC1,219,Probes & drugs
C1CCC2C(C1)CCC1C3CCCC3CCC21,155,Probes & drugs
C1CCC(CC2CCCCC2)CC1,90,Probes & drugs
C1CCC(CCC2CCCCC2)CC1,66,Probes & drugs
C1CCC2CCCCC2C1,54,Probes & drugs
C1CCC(C2CCCCC2)CC1,48,Probes & drugs
C1CCC(C2CCCC2)CC1,43,Probes & drugs
C1CCC2CCCC2C1,41,Probes & drugs
C1CCC2CC3CCCCC3CC2C1,37,Probes & drugs
C1CCCC1,36,Probes & drugs
C1CCC(C2CCCCC3CCCCC32)CC1,29,Probes & drugs
C1CCC(CCC2CCCC2)CC1,21,Probes & drugs
C1CCC(CCCC2CCCCC2)CC1,20,Probes & drugs
C1CCC(C2CC3CCCCC3C2)CC1,19,Probes & drugs
C1CCC(CC2CCCC2)CC1,19,Probes & drugs
C1CCC2CC3CCCCC3CCC2C1,19,Probes & drugs
C1CCC(CCCC2C3CCCCC3CC3CCCCC32)CC1,17,Probes & drugs
C1CCC(CCCCC2CCCCC2)CC1,15,Probes & drugs
C1CCC(CCC2CCCC3CCCC32)CC1,14,Probes & drugs
C1CCC(CC(C2CCCCC2)C2CCCCC2)CC1,13,Probes & drugs
C1CCC(CCCCCC2CCCCC2)CC1,13,Probes & drugs
C1CCC(CC2CCC3CCCCC32)CC1,12,Probes & drugs
C1CCC(C2CCCC2C2CCCCC2)CC1,12,Probes & drugs
C1CCC(CCCC2CC3CCCCC32)C1,11,Probes & drugs
C1CCC(CCC2CCC3CCCCC3C2)CC1,11,Probes & drugs
C1CC2CC3CCCC45C(CCCC34)CC(C1)C25,11,Probes & drugs
C1CCC2C(C1)CCC1C2CCC2C3CCCC3CC21,10,Probes & drugs
C1CCC(C2CCC3CCCCC3C2)CC1,10,Probes & drugs
C1CCC(CCCC2CC3CCC(C2)C3)CC1,10,Probes & drugs
C1CCC2C(C1)CCC2C1CCCC1,10,Probes & drugs
C1CCC(C(C2CCCCC2)C2CCCCC2)CC1,10,Probes & drugs
C1CCC2C(C1)CCC1CCCCC12,10,Probes & drugs
C(CCCC1CCCCC1)CCC1CCCCC1,9,Probes & drugs
C1CCC(CCCC2CCCC2)CC1,9,Probes & drugs
C1CCC2C(C1)CC1CCC3CCCC2C31,9,Probes & drugs
C1CCC(CC2CCC3CCCCC3C2)CC1,8,Probes & drugs
C1CCC(CCCC2CC3CCCC23)CC1,8,Probes & drugs
C1CCC(CCCCCC2CCCC2)CC1,8,Probes & drugs
C1CCC2CC3CC4CCCCC4CC3CC2C1,8,Probes & drugs
C1CCC(CCCCC2CCC(C3CCCCC3)CC2)CC1,8,Probes & drugs
C1CCC(CC2CCCC3CCCCC32)CC1,8,Probes & drugs
C1CCC(CC2CCCC3CC4CC5CCCCC5CC4CC23)CC1,8,Probes & drugs
C(CCCC1CCCCC1)CCCC1CCCCC1,8,Probes & drugs
C1CCC(CC2CCCC(CC3CCCCC3)C2)CC1,7,Probes & drugs
C1CCC(CCC2CC3CCCCC3C2)CC1,7,Probes & drugs
C1CC2CCCC2C1,7,Probes & drugs
C1CCC(CCCC2CC3CCCCC32)CC1,6,Probes & drugs
C1CCC(CCC(C2CCCCC2)C2CCCCC2)CC1,6,Probes & drugs
C1CCC(C2CCC3CCCC(C4CC4)C3C2)CC1,6,Probes & drugs
C1CCC(C2CCC3CCCCC32)CC1,6,Probes & drugs
C1CCC(CCC2CCC(CC3CCCCC3)CC2)CC1,6,Probes & drugs
C(CCCC1CCCC1)CCC1CCCCC1,6,Probes & drugs
C1CCC2C(C1)CC1CCCCC12,6,Probes & drugs
C1CCC(C2CCCC3CCCCC32)CC1,6,Probes & drugs
C1CCC(C2CCC3CCCC3C3CCCCC23)CC1,6,Probes & drugs
C1CCC(C2CCC(CCC3CCC(CC4CCCC4)(C4CCCCC4)C3)CC2)CC1,5,Probes & drugs
C1CCC(C2CC3CCCCC3CC3CCCCC32)CC1,5,Probes & drugs
C1CCC(CC2CCC3CCCC3C2)CC1,5,Probes & drugs
C1CCC(C2CCC(C3CCCCC3)C2)CC1,5,Probes & drugs
C1CC2CCC3CC(CCC4CCC5CC6CCC7CCCC(C5C4)C76)CC3C2C1,5,Probes & drugs
C1CCC(CCCC2CC3CC(CCC4CCCC4)CCC23)CC1,5,Probes & drugs
C1CCC(CCC(CC2CCCC2)C2CCCCC2)CC1,5,Probes & drugs
C1CCC(C2CC2)CC1,5,Probes & drugs
C1CCC2CC3CCCC3CC2C1,5,Probes & drugs
C1CCC(CC2CCC3CCCCC32)C1,4,Probes & drugs
C1CCC(CC2CC3CCCCC3C2)CC1,4,Probes & drugs
C1CCC(CCC2CCC3CCCCC32)CC1,4,Probes & drugs
C1CCC2C(C1)CC1CCCC23CCCCC13,4,Probes & drugs
C(CCCC1CCC2CCCCC12)CCC1CCCCC1,4,Probes & drugs
C1CCC(CC2CCCC(C3CCCCC3)C2)CC1,4,Probes & drugs
C1CCC(CCCC(C2CCCCC2)C2CCCCC2)CC1,4,Probes & drugs
C1CCC(CCCC2CC3CC(CCC4CCCC4)CCC23)C1,4,Probes & drugs
C1CCC(CCCC2CCC(C3CCCCC3)CC2C2CCCCC2)CC1,4,Probes & drugs
C1C2CC3CC1CC(C2)C3,4,Probes & drugs
C(CCCCC1CCCCC1)CCCC1CCCCC1,4,Probes & drugs
C1CCC(C2CCC3CCC4C5CC(C6CCCCC6)CC5CCC4C3C2)CC1,4,Probes & drugs
C1CCC(CCCCC2CCCC2)CC1,4,Probes & drugs
C1CCC(C2CCC3CCCCC3C2C2CCC(CCCC3CCCC3)CC2)CC1,4,Probes & drugs
C1CCC2C(C1)CCC1C2CCC2C3CCCCC3CCC21,4,Probes & drugs
C1CCC(C2CCCC2)C1,4,Probes & drugs
C1CCC(CC2CC3CCCC3C3CC(CCC4CCC5CC6CCC7CCCC(C5C4)C76)CC23)CC1,4,Probes & drugs
C1CCC(CC2CCCC2)C1,4,Probes & drugs
C(CCCC1CCCCC1)CCCC1CCC(C2CCCCC2)C1,4,Probes & drugs
C1CCC(CC2CC3CCC3C2)C1,3,Probes & drugs
C1CCC(C2CC3CCCC3C3CCC4CCCCC4C23)CC1,3,Probes & drugs
C1CCC(CC2C3CCCCC3C3CCCCC32)CC1,3,Probes & drugs
C1CC2CCC1C2,3,Probes & drugs
C1CCC(CC2CCCC3CCCC32)CC1,3,Probes & drugs
C(CCCC1CCC2CCCCC2C1)CCC1CCCCC1,3,Probes & drugs
C1CCC(C2CCC3CCCC4CCCC2C43)CC1,3,Probes & drugs
C1CCC(C(CCC2CC3CC(C2)C2CC32)C2CCCC2)C1,3,Probes & drugs
C1CCC(CC2CCC(C(C3CCCCC3)C3CCCCC3)CC2)CC1,3,Probes & drugs
C1CCC(CC2CCCCC2C2CCCCC2)CC1,3,Probes & drugs
C1CCC(CCC2CCCCC2CCC2CCCCC2)CC1,3,Probes & drugs
C1CC2CCC(C1)C2,3,Probes & drugs
C1CCC(CCC2CCC(CC3CCCCC4CCCCC43)CC2)CC1,3,Probes & drugs
C1CCC(CCC2CCCC2)C1,3,Probes & drugs
C1CCC(C2(C3CCCCC3)CCC3CCCCC32)CC1,3,Probes & drugs
C1CCC2C(C1)CC1CCCCC1C1CCCCC21,3,Probes & drugs
C1CCC(CCC2C3CCCCC3CC3CCCCC32)CC1,3,Probes & drugs
C1CCC(CC2CCC(CC3CCCCC3)CC2)CC1,3,Probes & drugs
C1CCC(CC2CCC3C(CCC4C3CCC3C(C5CCCC5)CCC34)C2)CC1,3,Probes & drugs
C1CC2CCC2C1,3,Probes & drugs
C1CC2CCC3C4CCCCC4C4CCC(C1)C2C34,3,Probes & drugs
C1CCC(C(CCC2CCCC2)C2CCCCC2)CC1,3,Probes & drugs
C1CCC(CC2CCCC(CCCC3CC3)C2)CC1,3,Probes & drugs
C1CCC(CCC2CCC3CC4C(CCC5C6CCCCC6CC45)CC3C2)CC1,3,Probes & drugs
C1CC2CC3C(CC4CC4)CCC45C(CC(C1)C24)C1CCC35CC1,3,Probes & drugs
C1CCC2C(C1)CC1CCCCC1C1CCCC21,3,Probes & drugs
C1CCC(CC2CCCC(C3CCC4CCCCC43)C2)CC1,3,Probes & drugs
C(CCCCCCCC1CCCCC1)CCCCCCC1CCCCC1,3,Probes & drugs
C1CCC(CCCC2CCC(C3CCCCC3)CC2)CC1,3,Probes & drugs
C1CC2CC3C(CC4CC4)CCC45C(CCCC34)CC(C1)C25,3,Probes & drugs
C1CCC(CCCC2CC3CC(CC4CCCC4)CCC23)C1,3,Probes & drugs
C1CCC(C2C3CCCCC3CC3CCCCC32)CC1,3,Probes & drugs
C1CCC(CCC2CCC(C3CCCCC3)CC2)CC1,3,Probes & drugs
C1CCC(CCCC2CCC3CCCCC3C2)C1,3,Probes & drugs
C1CCC(CC2C3CCCCC3CC3CCCCC32)CC1,3,Probes & drugs
C1CCC(CCC2CCC(C3CCCCC3)C2)CC1,3,Probes & drugs
C1CCC(CCCC2CC3CC(C2)C2CC32)CC1,3,Probes & drugs
C1CCC(CCCC2CCC3CCCCC3C2)CC1,2,Probes & drugs
C1CCC2CC(CCC3CCC(C4CCC5CCCCC54)CC3)CCC2C1,2,Probes & drugs
C1CCC(CC2CCC(CCC3CCCC3)CC2)CC1,2,Probes & drugs
C1CCC(CCCC2CCC(CC(C3CCCCC3)C3CCC4CCCCC43)CC2)CC1,2,Probes & drugs
C1CCC(C2CC3CCCCC3C2)C1,2,Probes & drugs
C1CC2CC3CCC4C5CCCC5CCC4C3CC2C1,2,Probes & drugs
C1CCC(C2CCCCC3CCCC32)CC1,2,Probes & drugs
C1CCC2C(C1)CCC1C2CCC2C1CCC21CCCC1,2,Probes & drugs
C1CCC2CC(CC3CCC4CCCCC4C3)CCC2C1,2,Probes & drugs
C1CCC(CC2CCC(C3CCCCC3)C2)CC1,2,Probes & drugs
C1CCC(CCC(CCC2C3CCC2CC(C2CCCC2)C3)C2CCCCC2)CC1,2,Probes & drugs
C1CCC(CC2CCCC3CCCCC32)C1,2,Probes & drugs
C1CCC(CCCCC2CCC(CCC3CCCCC3)CC2)CC1,2,Probes & drugs
C1CCC(CCCCCC2CCCC3CCCCC23)CC1,2,Probes & drugs
C1CCC(CC(CC2CCCCC2)CC2CCC(C3CCCC3)CC2)CC1,2,Probes & drugs
C1CCCC(CCC2CC3CCCC32)CC1,2,Probes & drugs
C1CCC(CC2CCC(C3CCCCC3)CC2)CC1,2,Probes & drugs
C1CCC(C2CCCC(CCC3CCC4CC5(CCC6CCCCC65)CC4C3)C2)CC1,2,Probes & drugs
C(CCCCCCC1CCCCC1)CCCCCC1CCCCC1,2,Probes & drugs
C1CCC(C2CCCC3CCCC32)CC1,2,Probes & drugs
C1CCC(C2CCCC2CCC2CC3CCCC32)CC1,2,Probes & drugs
C1CCC(CC2CCC3CC4CCCCC4C3C2)C1,2,Probes & drugs
C1CCC2CC3C(CC2C1)CC1CC2CCCCC2CC13,2,Probes & drugs
C1CCC(CCCCC2CCC(C3CCC4CCCCC43)CC2)CC1,2,Probes & drugs
C1CCC(CCC2CCC3C2CCC2C4CCCCC4CCC32)C1,2,Probes & drugs
C1CCC(CCCCC2CCC3CC4C(CCC5C6CCCCC6CC45)CC3C2)CC1,2,Probes & drugs
C1CC2CCC1CC2,2,Probes & drugs
C1CCC(CCCCC2CCC3C2CCC2C4CCCCC4CCC32)C1,2,Probes & drugs
C(CCCC1CCC2(CCCC2)C1)CCC1CCCCC1,2,Probes & drugs
C1CCC(C2CCC3CCCC(C4CCCCC4)C3C2)CC1,2,Probes & drugs
C1CCC(CCCCCC2CCC(C3CCCCC3)C2)CC1,2,Probes & drugs
C(CCC1CCC2CCCCC2C1)CCC1CCC2CCCCC2C1,2,Probes & drugs
C1CCC(C2CCCC2CCC2CCCC(C(CCC3CC3)C3CCCCC3)C2)CC1,2,Probes & drugs
C1CCC2CC3C(CCC4C5CCCCC5CC34)CC2C1,2,Probes & drugs
C1CCC(CCC2CCC3CCCCC3C2)C1,2,Probes & drugs
C1CCC(C2CC3CCCCC3CC2CCC2CCCC3CCCC32)CC1,2,Probes & drugs
C(CC1CCC(C2CCCC2)CC1)CC1CCC(C2CCCC(CC3CCCC3)C2)CC1,2,Probes & drugs
C1CCC(CCCCC2CCC3C(C2)C2CCCC4CCCC3C42)CC1,2,Probes & drugs
C1CC(CC2CCC34CCCCC3C2CC2CCCCC24)C1,2,Probes & drugs
C1CCC(CC2CC(C3CCCCC3)C3CCCCC23)CC1,2,Probes & drugs
C1CCC2C(C1)CCCC2CC1CC2CCC1CC2,2,Probes & drugs
C1CCC2CCCC3CCCCC3C2CC1,2,Probes & drugs
C1CCC(C2CCC3CCCC(C4CC4)C3C2)C1,2,Probes & drugs
C1CCC1,2,Probes & drugs
C1CCC(CC2CCC(C3CC4CCCC(C5CCCCC5)C4C3)CC2)CC1,2,Probes & drugs
C1CCC(CCC2CCC3CCC3C2)C1,2,Probes & drugs
C1CCC(C23CCCC2CCCC2CCCCC23)CC1,2,Probes & drugs
C1CCC(CC2CCCC(CCC3CCCCC3C3CCCCC3)C2)CC1,2,Probes & drugs
C(CCCCC1CCCCC1)CCCCC1CCCCC1,2,Probes & drugs
C1CCC(CCC2CCC3CCCC3C2)CC1,2,Probes & drugs
C1CCC(C2CCC(CCC3CCCC3)C2)CC1,2,Probes & drugs
C1CCC(CC2CCC(C3CCCCC3C3CCCC3)CC2)C1,2,Probes & drugs
C1CCC2C(C1)CC1CCCC2C1,2,Probes & drugs
C1CCC(C2(CC3CCCC3)CCC(CCC3CCC(C4CCC(C5CCC(C6CCCC6)CC5)CC4)CC3)C2)CC1,2,Probes & drugs
C1CCC2C(C1)CC1C3CC4CCC3C3CC21CC43,2,Probes & drugs
C1CCC2(C1)CC1CCC2CC1,2,Probes & drugs
C1CCC(C2(C3CCCCC3)CCCCC2)CC1,2,Probes & drugs
C1CCC(CC2CCC(CC3CCC(CC4CCCCC4)CC3)CC2)CC1,2,Probes & drugs
C(CCCCCCCCC1CCCCC1)CCCCCCCC1CCCCC1,2,Probes & drugs
C1CCC(C(CCCC2CCCC2)C2CCCCC2)CC1,2,Probes & drugs
C1CCC(C2CCC(C3CCC4CCCCC4C3)CC2)CC1,2,Probes & drugs
C1CCC(CC2CCCC3CCCC32)C1,2,Probes & drugs
C1CC2CC(C1)CC1CCCC3CCCC(CC4CCC(CC4)CC4CCCC5CCC(C2)CC54)C31,2,Probes & drugs
C1CCC(CCCC2CCC3CC(C4CCCCC4)CC3C2)CC1,2,Probes & drugs
C1CCC2C(C1)CC1CCCC12,2,Probes & drugs
C1CCC(C(CCC2CCCC2)C2CCCC2)CC1,2,Probes & drugs
C1CCC(CC2CCCC(CC3CCC(C4CCC(C5CCCCC5)CC4)CC3)C2)CC1,2,Probes & drugs
C(CCCC1CCC2CCCC12)CCC1CCCCC1,2,Probes & drugs
C1CCC(C2CCC3C2CCC2C4CCCCC4CCC23)CC1,2,Probes & drugs
C1CCC(C2(C3CCCCC3)CCCC2)CC1,2,Probes & drugs
C1CCC(CC2CCC3C(C2)CC2CCCCC2C3C2CCCCC2)CC1,2,Probes & drugs
C1CCC(C2C3CCCC3C(CC3CCC4CCCCC4C3)C3CC4CCCC4CC32)CC1,2,Probes & drugs
C1CCC(C2CCCC3CCC(C4CC5CC5C4)CC32)CC1,2,Probes & drugs
C1CC2CCCC3CC4CCC(C1)C23CC4,2,Probes & drugs
C1CCC(CCC(CCC2CC3CC(CCC4CCCC4)CCC23)C2CCCCC2)CC1,2,Probes & drugs
C1CCC(C2CCCCC2C2CCCCC2)CC1,2,Probes & drugs
C1CCC2CCCC2CC1,2,Probes & drugs
C1CCC(CCCCCCCC2CCCCC2)CC1,2,Probes & drugs
C1CCC(CCCCC2CCC(C(C3CCCCC3)C3CCCCC3)CC2)CC1,2,Probes & drugs
C1CCC2C(C1)CCC2CC1CCC(C2CCCCC2C2CCCC2)CC1,2,Probes & drugs
C1CCC(CCCCC2CC3CCCC23)CC1,2,Probes & drugs
C1CCC(C2CCC(CCC3CCC4CCCCC43)CC2)CC1,2,Probes & drugs
C1CCC(CCCCC2CCCC3CCCCC3C2)CC1,2,Probes & drugs
C1CCC(CC2CCC3C(CCCC4CCCC4)CC3C2)CC1,2,Probes & drugs
C1CCC(CCCC2CCCCC2CC2CCCCC2)CC1,2,Probes & drugs
C1CCCC(C2CCCCC2)CC1,2,Probes & drugs
C1CCC(C2CCC(CCC(C3CCCCC3)C3CCCCC3)CC2)CC1,2,Probes & drugs
C1CCC(CCC2CCCC(CC3CCCC3)C2C2CCCCC2)CC1,2,Probes & drugs
C1CC2CC(C1)CC(CCC1CCC3CCCCC31)C2,2,Probes & drugs
C1CCC(C(CC2CC3CCC(C3)C2)C2CCCCC2)CC1,2,Probes & drugs
C1CCC(CCCC2CC3CCCC23)C1,2,Probes & drugs
C1CCC(C(CCC2CC3CCC2CC3)C2CCCCC2)CC1,2,Probes & drugs
C1CCC(C2CCC3CCCC3C3CCCC23)CC1,2,Probes & drugs
C1CCC(CCC2CCC3C2CCC2C4CCCCC4CCC32)CC1,2,Probes & drugs
C(CCCC1CCCCC1C1CCCCC1)CCC1CCCCC1,2,Probes & drugs
C1CCC(CCC2CCCC(CC3CCC4CCC(C5CCCCC5)CC4C3)C2)CC1,2,Probes & drugs
C1CC1,2,Probes & drugs
C1CCC(CCCCC2CCC3C(C2)CC(CCC2CCCCC2)C2CCCC23)CC1,2,Probes & drugs
C1CCC(C2CCC(CC3CCC4CCCC(C5CCCC5)C4C3)CC2)CC1,2,Probes & drugs
C1CC2CC1CC1CCC(C1)CC1CCC(C1)CC1CCC(C1)C2,2,Probes & drugs
C1CCC(CC2CCCCC2CC2CC(C3CCCCC3)C2)CC1,1,Probes & drugs
C1CCC(C23CCCCC2CCCC2CCCCC23)CC1,1,Probes & drugs
C1CCC(CCCC2CC3CC(CC4CCCCC4)CCC23)CC1,1,Probes & drugs
C1CCC(C2CCCCC2C2CCCC2)CC1,1,Probes & drugs
C1CCC(CCCC23CC4CC(CC(C4)C2)C3)C1,1,Probes & drugs
C1CCC(CCC2CCC3CC2CC2CCCCC23)CC1,1,Probes & drugs
C1CCC(C2CCC(CC3CCCC(C4CCC(C5CCCCC5)C4)C3)CC2)CC1,1,Probes & drugs
C1CCC(CCCC(CC2CCCCC2)C2CCCCC2)CC1,1,Probes & drugs
C1CCC(C2CCC(CCCCC3CC4C5CCC(C5)C4C3)CC2)CC1,1,Probes & drugs
C1CCC(C2CCCCCC3CCCCC32)CC1,1,Probes & drugs
C1CCC2C(C1)CCCC2C1CCCC1,1,Probes & drugs
C1CCC2C(C1)CCC1C3CCC4(CCCC4)C3CC3CC321,1,Probes & drugs
C1CCC(CCCC2C3CCCCC3CCC3CCCCC32)CC1,1,Probes & drugs
C1CC1CCC1CCC(CC2CCC(CCC3CC3)CC2)CC1,1,Probes & drugs
C1CCC(CCCCC2CCC(CC3CC4CCCCC4C3)CC2)CC1,1,Probes & drugs
C1CCC2C(C1)CCCC2CCC1CC2CCC1CC2,1,Probes & drugs
C1CCC(CC2CCCC3CCC(CCCC4CC5(CCCC5)C5(CC5)C4)CC32)CC1,1,Probes & drugs
CCCCCCCCCCCCCCCCOP(=O)([O-])OCC[N+](C)(C)C,1,Probes & drugs
C1CC(CC2CCCC3CCCC32)C1,1,Probes & drugs
CCCCC(CC)CCC(CC(C)C)OS(=O)(=O)O,1,Probes & drugs
C1CCC(CC2CCC3CCCC(CC4CCC(CC5CCC6CCCC6C5)CC4)C3C2)C1,1,Probes & drugs
C1CCC(CCCC2CCC(C3CCCC3)CC2)CC1,1,Probes & drugs
C1CCC2C(C1)CCCC1CCCCC12,1,Probes & drugs
C1CCC(CC2CCC(CCC3CCC4CCCCC4C3)CC2)CC1,1,Probes & drugs
C1CCC(CC2CCC(CC3CC4CCCCC4C3)CC2)CC1,1,Probes & drugs
C1CCC(C2CCC(C(C3CCCCC3)C3CCCC3)CC2)CC1,1,Probes & drugs
C1CCC(CCCCC(CCC(CCC2CC2)CC2CCCCC2)CC2CCCC2)CC1,1,Probes & drugs
C1CCC(C2CCC(CC3CC4CCCCC4C3)CC2)CC1,1,Probes & drugs
CC(C[N+](C)(C)C)OC(N)=O,1,Probes & drugs
C(CCCC1CCC(C2CCC3CCCCC32)CC1)CCC1CCCCC1,1,Probes & drugs
C1CCC(CCCC2CCCCC2C2CCCC2)CC1,1,Probes & drugs
C1CCC(CC2CCCC(CCCC3CCC4CCCCC43)C2)CC1,1,Probes & drugs
C(CCCC1CCC2CCCC2C1)CCC1CCCCC1,1,Probes & drugs
C1CCC2C(C1)CC1C(CC3CC3)CCC23CCCCC13,1,Probes & drugs
C1CCC(CCCC2CCC(CCC3CCCCC3)CC2)CC1,1,Probes & drugs
C1CCC(CCC2CC3CCC2C3)CC1,1,Probes & drugs
C1CCC(CCCC2CCCC(CC3CCCCC3)C2)CC1,1,Probes & drugs
C1CCC2C(C1)C1CC1C1C2CCC2C1C1CC1C21CCCC1,1,Probes & drugs
O=[N+]([O-])C(Br)(CO)CO,1,Probes & drugs
C(CCCC1CCCCC1)CCCC1CC2CCCCC2C1,1,Probes & drugs
C1CCC(CCCCCC2CCCC3CCCC23)CC1,1,Probes & drugs
C1CCC(CCCCCC2CCC(CC3CCCCC3)CC2)CC1,1,Probes & drugs
C1CCC(CC2CCCCC2CCCC2CCC(CCCC3C4CCCCC4C4CCCCC43)CC2)CC1,1,Probes & drugs
C1CCC2C(C1)C1CCC2C2CCCCC21,1,Probes & drugs
C1CCC(CCC2CCCC2(C2CCCCC2)C2CCCCC2)CC1,1,Probes & drugs
C(CCCCC1C2CCCCC2C2CCCCC12)CCCC1C2CCCCC2C2CCCCC12,1,Probes & drugs
C1CCC(CCCC(CC2CCCC2)C2CCCCC2)CC1,1,Probes & drugs
C1CCC(CCCC(CCC2CC3CCC(CCC4CCCCC4C4CCCCC4)CC3C2)C2CCCCC2)CC1,1,Probes & drugs
C1CCC(CCCC2CCC(C3CCCC3)CC2CCC2CCCCC2)CC1,1,Probes & drugs
C1CCC(CCCC2CC3CC(CC4CCC(C5CCCC5)C4)CCC23)C1,1,Probes & drugs
C1CCC(CC2CCC3CCC4CCCCC4C3C2)CC1,1,Probes & drugs
C1CCC(CCC(CC2CCCC2)(C2CCCCC2)C2CCCCC2)CC1,1,Probes & drugs
CCCCCCCCCCCCCCCC(=O)NCCO,1,Probes & drugs
C1CCC(CCC2C3CCCCC3CCC3CCCCC32)CC1,1,Probes & drugs
C1CCC(C2CCC(CCCCC3CCCC4CCCCC34)CC2)CC1,1,Probes & drugs
C1CCC(CC2CCC(CCC3CCCC3)C2)CC1,1,Probes & drugs
C1CCC(CCCC2CCCC3CCCCC32)C1,1,Probes & drugs
C1CCC(CC2CCCCC2C2CCCC2)CC1,1,Probes & drugs
C1CCCC2C(CC1)CC1CCCCC12,1,Probes & drugs
C1CCC(CCCCC2CC3CCCCC3C2)CC1,1,Probes & drugs
C1CCC(CC2CC3CCC(C4CCCCC4)C4CCCCC4C3C2)CC1,1,Probes & drugs
C1CCC2CC(C3CCCC3CC3CCCCC3C3CCCC3)CC2C1,1,Probes & drugs
C[C@H](N)C(=O)N[C@@H](CCC(N)=O)C(=O)O,1,Probes & drugs
C1CCC(CCCC2CCCC(CCCC3CCCCC3)C2)CC1,1,Probes & drugs
C1CCC(CCCCC2CCC(CCCCC3CCCC3)CC2)CC1,1,Probes & drugs
NCCCCCC(O)(P(=O)(O)O)P(=O)(O)O,1,Probes & drugs
C(CC1CCCC(C2CCCC2)C1)CC1CCCC(C2CCCC2)C1,1,Probes & drugs
C1CCC(CCCC2C3CCCCC3C(CCCC3CCCC3)C3CCCCC32)C1,1,Probes & drugs
C1CCC(CCC(C2CCCCC2)C2CC3CCC2C3)CC1,1,Probes & drugs
C1CC2CCCC3CCCC(C1)C23,1,Probes & drugs
C1CCC(CCC(CC2CCCCC2)CC2CCCC2)CC1,1,Probes & drugs
C1CCC(CCCCCC2CCC(CCCC3CCCC3)CC2)CC1,1,Probes & drugs
C[N+](C)(C)NCCC(=O)[O-],1,Probes & drugs
C1CCC(C(CC2CC3CCCCC3C2)C2CCCCC2)CC1,1,Probes & drugs
C1CCC(CC2CCC(C3CC(C4CCCC4)C4CCCCC34)CC2)CC1,1,Probes & drugs
C1CCC(CCCCCC2CCC3CC4CCC5CCCC(C3C2)C54)CC1,1,Probes & drugs
CNC(=N)NCCC[C@H](N)C(=O)O,1,Probes & drugs
CC/C=C\C/C=C\C/C=C\C/C=C\C/C=C\CCCC(=O)O,1,Probes & drugs
C1CCC(CCC2CC3CCC(C2)C3)CC1,1,Probes & drugs
C(CCCC1CCC2CCCCC2C1)CCC1CCCC1,1,Probes & drugs
C1CCC(CCCC2CCCC3CCC(CC4CCC(C5CCCCC5C5CCCC5)CC4)C23)C1,1,Probes & drugs
C1CCC(CC2CCC(C3(C4CCCCC4)CCCCC3)CC2)CC1,1,Probes & drugs
C1CC2CCCC(C3CCC4(CCC4)C3)C2C1,1,Probes & drugs
C1CCC(CCCCC(CCCC2CCCCC2)CC2CCCCC2)CC1,1,Probes & drugs
CCCCCC[C@@H](O)C/C=C\CCCCCCCC(=O)O,1,Probes & drugs
C1CCCC(C(C2CCCCC2)C2CCCCC2)CC1,1,Probes & drugs
C1CC2CC3CCCC45C(CC(C1)C24)C1CCC35CC1,1,Probes & drugs
C1CCC(CCC2CCC(C3CCCCC3)C2C2CCCCC2)CC1,1,Probes & drugs
C1CCC2C(C1)CCC2CCC1CC2CC3CCC2C(C1)C3,1,Probes & drugs
C1CCC(C2CCC3CCC(CC4CCC5CCCC5C4)C3C2)C1,1,Probes & drugs
C1CCC(CC2C(CC3CCCC3)CC3CCCCC32)CC1,1,Probes & drugs
C1CCC(CCCC2CC3CC(CC4CCCC5CCCC54)CCC23)C1,1,Probes & drugs
C1CCC(CCCCC2CCC3C4CC5CCCC6CC2C3(CCC4CC2CC2)C56)C1,1,Probes & drugs
C1CCC(CCCCCC2CCCCC2C2CCCCC2)CC1,1,Probes & drugs
C1CCCC(CCCCC2CCC(CCCCC3CCCC3)CC2)CC1,1,Probes & drugs
C1CCC(C2CCC(CCCCC3CCC4(CCCC4)CC3)CC2)CC1,1,Probes & drugs
C1CCC(CCCCCC2CCC3CCCC3C2)CC1,1,Probes & drugs
C1CCC(CCCCC(C2CCCCC2)C2CCCCC2)CC1,1,Probes & drugs
C1CCC(CCCC2CCC3CCCC3C2)C1,1,Probes & drugs
C1CCC(CCCCC2CCCCC2CCC2CC3CCCCC3C2)CC1,1,Probes & drugs
CCCCC/C=C\C/C=C\C/C=C\CCCCCCC(=O)O,1,Probes & drugs
O=[N+]([O-])OCC(CO[N+](=O)[O-])(CO[N+](=O)[O-])CO[N+](=O)[O-],1,Probes & drugs
NCCC(O)(P(=O)(O)O)P(=O)(O)O,1,Probes & drugs
C1CCC(CC2CCCC(C3CC(C4CC4)C4CCCCC34)C2)CC1,1,Probes & drugs
C1CCC(C2CC3CC4C(CCC5C6CCCCC6CCC54)C3C2)CC1,1,Probes & drugs
C1CCC(CCCC2CC3C(CCC4CCC5CCCCC54)CCC23)CC1,1,Probes & drugs
C1CCC(C2C3CCCCC3CCC3CCCCC32)CC1,1,Probes & drugs
C1CCC(C2CCC(C3CCCCC3)(C3CCCCC3)C2)CC1,1,Probes & drugs
C1CCC(CCC2CCC(CCC3CCCC3)CC2)CC1,1,Probes & drugs
C1CCC(CC2CCC(CC3CCCC4CC5CC6CCCCC6CC5CC34)CC2)CC1,1,Probes & drugs
C1CCC(CCC2CC3CCC(C4CCCC4)CC3C2)CC1,1,Probes & drugs
C1CCC(CCCC2CCC3CC4C5CCC(C5)CC4CC3C2)CC1,1,Probes & drugs
C1CCC(CCCC2CCC3CC4CCCC56C(CCCC45)CC2C36)CC1,1,Probes & drugs
C1CCC(C2CCCC(CCC3CCC(C4CCCCC4)C3)C2)CC1,1,Probes & drugs
C1CCC2CC(CCC3CC4CCCCC4C3)CC2C1,1,Probes & drugs
C(CCCC1CCCC2CCC(CC3CCC(C4CCCCC4C4CCCC4)CC3)C12)CCC1CCCCC1,1,Probes & drugs
C1CCC(CCCCC2CCC(CCCCC3CCCCC3)CC2)CC1,1,Probes & drugs
N[C@@H](CC(=O)O)C(=O)O,1,Probes & drugs
C1CCCC(C2CCC3CCCC(C4CC4)C3C2)CC1,1,Probes & drugs
CN(C)C(=S)SSC(=S)N(C)C,1,Probes & drugs
CCCCCCCCCCCCCCCC(=O)O,1,Probes & drugs
C(CCC1CC2CCCCC2C1)CC1CCC(C2CCC3CCCCC32)CC1,1,Probes & drugs
C1CCC(CCCCC2CCCCC2CC2CCCCC2)CC1,1,Probes & drugs
C1CCC2CC(C3CC4CCC3C4)CCC2C1,1,Probes & drugs
C1CCC(CC2CCC3C(CCCC4CCCCCC43)C2)CC1,1,Probes & drugs
O=[N+]([O-])OC[C@H](O[N+](=O)[O-])[C@@H](CO[N+](=O)[O-])O[N+](=O)[O-],1,Probes & drugs
C1CCCC(C2CCC3CCCCC3C2)CC1,1,Probes & drugs
C1CCC2C(C1)CCCC2CC1CCC2CCC3CCCCC3C2C1,1,Probes & drugs
C1CCC(CC2CCC(C3CCCC(C4CCCCC4)C3)CC2)CC1,1,Probes & drugs
C1CCC(C2CCCCC2C2CCC(CC3CCC4(CCCC4)C3)CC2)C1,1,Probes & drugs
CCCCCCCCCCCCCCCC[N+](C)(C)C,1,Probes & drugs
C1CCC(C(CCC2CCCC2)CCC2CC3CCCC32)CC1,1,Probes & drugs
N[C@@H](CCC(=O)N[C@@H](CSSC[C@H](NC(=O)CC[C@H](N)C(=O)O)C(=O)NCC(=O)O)C(=O)NCC(=O)O)C(=O)O,1,Probes & drugs
C1CCC(C2CCC(CCCC3CCCC3)CC2)CC1,1,Probes & drugs
CCCCCCCC/C=C/CCCCCCCC(=O)O,1,Probes & drugs
C1CCC(CCCCCC2CC2)CC1,1,Probes & drugs
CC/C=C\C/C=C\C/C=C\CCCCCCCC(=O)O,1,Probes & drugs
C1CCC(CCCCCC2CCC(CCC3CCCCC3)CC2)CC1,1,Probes & drugs
O=C(O)CN(CCN(CC(=O)O)CC(=O)O)CC(=O)O,1,Probes & drugs
C(CCCCC1CCCCC1)CCCCC1CCC(CCCCCC2CCCC2)CC1,1,Probes & drugs
C1CCC(CC2CCC(CCC3CCCCC3C3CCCCC3)C2)CC1,1,Probes & drugs
C[N+](C)(C)CCCCCCCCCC[N+](C)(C)C,1,Probes & drugs
C1CCC(CCC(C2CCCCC2)C2CCCC2)CC1,1,Probes & drugs
CCCCC/C=C\C/C=C\CCCCCCCC(=O)O,1,Probes & drugs
CCCCCCCCCCCCCCCCCC(=O)O,1,Probes & drugs
CCCCCCCC/C=C\CCCCCCCC(=O)O,1,Probes & drugs
C1CCC(CCCCCC2CCCC3CCCCC32)CC1,1,Probes & drugs
CCCCCCCCCCCCCCCCCCCCCC(=O)O,1,Probes & drugs
CN(C)C(=S)SC(=S)N(C)C,1,Probes & drugs
CCCCC/C=C\C/C=C\C/C=C\CCCCC(=O)O,1,Probes & drugs
C1CCC(CCCCC2CCC(CC3CCCC3)CC2)CC1,1,Probes & drugs
C1CCC(CCCCCC2CCC3CCCC(CC4CCCCC4)C3C2)CC1,1,Probes & drugs
C1CCC(C2CCC3CCC4C5CC(C6CCCC6)CC5CCC4C3C2)CC1,1,Probes & drugs
C1CCC(C2CC3CCC3C2)C1,1,Probes & drugs
C1CCC(CCCCC2CC3CCCC3C2)CC1,1,Probes & drugs
CC(=O)OC(C)C[N+](C)(C)C,1,Probes & drugs
C1CCC(C2CCCC3CCC(C4CCCC4)CC32)CC1,1,Probes & drugs
C1CCC(C2C3CCCC3C(CC3CCC4CC(C5CCCC5)CCC4C3)C3CC4CCCC4CC32)CC1,1,Probes & drugs
NC(=O)CC[C@H](N)C(=O)O,1,Probes & drugs
C1CCC(C2CCCC(CC3CCC(CC4CCCC4)CC3)C2)CC1,1,Probes & drugs
C1CCC(C2CCCCC2CCCCC2CCC(C(C3CCCCC3)C3CCCCC3)CC2)CC1,1,Probes & drugs
C1CCC(CC2CCC(C3CCC4CCCCC4C3)CC2)C1,1,Probes & drugs
N=C(N)NCCC[C@H](N)C(=O)O,1,Probes & drugs
C1CCC(CCCC2CCC(CCCC3CCC4CCCCC4C3)CC2)CC1,1,Probes & drugs
C1CCC(CCCCC2CCC3(CCCC3C3CCCCC3)CC2)CC1,1,Probes & drugs
C1CCC2C(C1)CCC1C2CCC2C3CC4(CCCC4)CC3CC21,1,Probes & drugs
C(CCCC1CCC2C1CCC1C3CCCCC3CCC21)CCC1CCCC1,1,Probes & drugs
C1CCC(CCC2CCC3C(CCCC4CCCC4)CC3C2)CC1,1,Probes & drugs
CC/C=C\C/C=C\C/C=C/C/C=C\C/C=C\C/C=C\CCC(=O)O,1,Probes & drugs
CCCC(C)(COC(N)=O)COC(=O)NC(C)C,1,Probes & drugs
C1CCC(C(CCC2CCCC2)CC2CCCC2)CC1,1,Probes & drugs
C1CCC(CCCC2CCC(C(C3CCCCC3)C3CCCCC3)CC2)CC1,1,Probes & drugs
C1CCC(CCC2CCC3C(CCC4CCC4)CC3C2)C1,1,Probes & drugs
C1CCC(CCCCCC2CCCC(CCCCCC3CCCCC3)CC2)CC1,1,Probes & drugs
C1CCC(CCCC23CCCC2CCC3)CC1,1,Probes & drugs
C[N+](C)(C)CCCCCC[N+](C)(C)C,1,Probes & drugs
C1CCC(CC(CC2CCCC2)C2CCCCC2)CC1,1,Probes & drugs
CC(C)=CCC/C(C)=C/C=C/C(C)=C/C=C/C(C)=C/C=C/C=C(C)/C=C/C=C(C)/C=C/C=C(\C)CCC=C(C)C,1,Probes & drugs
O=P(O)(O)OCC(Cl)(Cl)Cl,1,Probes & drugs
C1CCC(C2CCC(CC3CCC4CCC(C5CCCC5)C4C3)CC2)CC1,1,Probes & drugs
C(CCCC1CCCCC1C1CCCCC1)CCCC(C1CCCCC1)C1CCCCC1,1,Probes & drugs
O=C(O)C(O)C(O)C(=O)O,1,Probes & drugs
C1CCC(CCCC2CC(CC3CCCCC3)CC(C3CCC(CC4CCCCC4)CC3)C2)CC1,1,Probes & drugs
N[C@@H](CCC(=O)O)C(=O)O,1,Probes & drugs
C1CCC(C2CCC(CCCC3CC4CC5CCCC6CC7C(CC8CC8)CCC4(C7C3)C65)C2)CC1,1,Probes & drugs
CCN(CC)C(=S)SC(=S)N(CC)CC,1,Probes & drugs
C1CCC2C(C1)CC1CCCCC1C2CCCC1CCC2(CCCC2)CC1,1,Probes & drugs
CCCCCCCCCCCCCC(=O)OC(C)C,1,Probes & drugs
C1CCC(CC2CCC3C(CCC4C5CCCC5CCC34)C2)C1,1,Probes & drugs
C1CCC(CC2CCCC3CC(CC4CCCC4)CCC23)CC1,1,Probes & drugs
C1CC2CCC(CCC3CCC(C4CCC5CCCCC54)CC3)CC2C1,1,Probes & drugs
C1CCC2CC(C3CCC4CCCC(C5CC5)C4C3)CC2C1,1,Probes & drugs
C1CCC2CC(CC1)C1CCCCC1C2,1,Probes & drugs
C1CCC(CC2CCCCC2CCC2CCC3CCCCC32)CC1,1,Probes & drugs
O=[N+]([O-])OCC(CO[N+](=O)[O-])O[N+](=O)[O-],1,Probes & drugs
C1CCC(CCCCC2CC3CCCCC23)CC1,1,Probes & drugs
C1CCC(CC2CCCC(C3CCC4CCCC4C3)C2)CC1,1,Probes & drugs
C1CCC(CC2CCC(CCC3CCC4CCCCC4C3)CC2)C1,1,Probes & drugs
C1CCC(CCCC2CCC3CC4CC5CCCCC5CC4CC3C2)C1,1,Probes & drugs
C1CCC(C2CCC(C3CC4CCCC43)C2)CC1,1,Probes & drugs
C1CCC(CCC2CCCC2C2CCCCC2)CC1,1,Probes & drugs
C(CCC1CCC(C2CCCCC2)CC1)CCC1CCC2CCCCC2C1,1,Probes & drugs
C1CCC(CCCCC2CCC(C3CCCCC3)C2)CC1,1,Probes & drugs
C1CCC(CCCCCC2CC3CC3C2CCCCCCC2CC2)CC1,1,Probes & drugs
C1CCC(C2CCCC(CC3CCC(CCCCC4CC4)CC3)C2)CC1,1,Probes & drugs
C1CCC(CCCCCC(C2CCCCC2)C2CCCCC2)CC1,1,Probes & drugs
C1CCC(CC2CCC3CCCCC3C2)C1,1,Probes & drugs
C(CCCC1C2CCCCC2CCC2CCCCC21)CCC1CCCCC1,1,Probes & drugs
C1CC2CC3CCC(CC3)CC3CCCC4CC5CCCC5C(CC5CCC6CCCC(CC(C1)C2)C6C5)C34,1,Probes & drugs
C1CCC(C(CCCC2CCC(C3CCC4CCCCC43)CC2)C2CCCCC2)CC1,1,Probes & drugs
CCCCC(CC)CNC(=N)NC(=N)NCCCCCCNC(=N)NC(=N)NCC(CC)CCCC,1,Probes & drugs
C1CCC(C2CCCCC2CCC2CC(C(C3CCCCC3)C3CCCCC3)C2)CC1,1,Probes & drugs
C1CCC(CC(CCCCCC2CCC3CCCCC3C2)CCC2CCC3CCCCC3C2)CC1,1,Probes & drugs
C1CCC(CCCCC2CCC(CCC3CCC4CCCCC4C3)CC2)CC1,1,Probes & drugs
C1CCC(CCCC2CCC(CC3CCCC3)CC2)CC1,1,Probes & drugs
C1CCC(C2CCC(CCCC3C4CCCCC4CCC4CCCCC43)CC2)CC1,1,Probes & drugs
C1CCC(C2CCC3CCC(C4CCCC4)C3C2)C1,1,Probes & drugs
C1CCC(CC2CCC(C3CCCCC3C3CCCC3)CC2)CC1,1,Probes & drugs
C1CCC2C(C1)CCCC2CCC1CC2CCCC21,1,Probes & drugs
C1CCC(CCCCC2CCC3CCCCC3CC2)CC1,1,Probes & drugs
O=C(O)CC(O)(CC(=O)O)C(=O)O,1,Probes & drugs
C1CCC(CCC2CCC3C(CCC4C5CCCC5CCC34)C2)CC1,1,Probes & drugs
C(CCC1CCC2CC12)CC1CCC1,1,Probes & drugs
C1CCC(CCCCC2CCC(CCCC3CCCCC3)CC2)CC1,1,Probes & drugs
C1CCC(CCC2CC(C3CCCCC3)CCC2CC2CCCCC2)CC1,1,Probes & drugs
CC(=O)O[C@H](CC(=O)[O-])C[N+](C)(C)C,1,Probes & drugs
C1CCC(C2CCCC(CC3CC3)C3CCCCC23)CC1,1,Probes & drugs
C1CCC(CCC(CCC2CC3CCCC32)C2CCCCC2)CC1,1,Probes & drugs
CCCCCCCCCCCCOCCOCCOCCOCCOCCOCCOCCOCCOCCO,1,Probes & drugs
C1CCC(CCCCC2CCC(CC(C3CCCCC3)C3CCCCC3)CC2)CC1,1,Probes & drugs
C1CCC(CCCC2CCC(CC3CCC4CCCC4C3)CC2)CC1,1,Probes & drugs
C(CCCC1CCC2CCCCC12)CCC1CCC2CCCCC12,1,Probes & drugs
C1CCC(C2CCCC3CCC(C4CCC4)CC32)CC1,1,Probes & drugs
C1CCC(CCC2CCC(CCC3CCC4CCCCC43)CC2)CC1,1,Probes & drugs
C1CCC(CC2CCC(CCC3CCCC(CC4CCCC(C5CCCCC5)C4)C3)CC2)CC1,1,Probes & drugs
C1CCC2C(C1)CC1CCCCC1C2CC1CC2CCC1CC2,1,Probes & drugs
C1CC2CCCC3C(C4CC4)CCC(C1)C23,1,Probes & drugs
C1CCC(C2CCC(C3CCC(C4CCCC4)CC3)CC2)C1,1,Probes & drugs
C1CCC(C2CCCCC2CCCCCC2CCC(C3CCCCC3)(C3CCCCC3)CC2)CC1,1,Probes & drugs
COP(=O)(OC)C(O)C(Cl)(Cl)Cl,1,Probes & drugs
C1CCC(C(CCC2CCC3CCCC3C2)CCC2CC3CCCC32)CC1,1,Probes & drugs
C1CCC(CCC2CCC(CCC3CCCCC3)CC2)CC1,1,Probes & drugs
C1CCC(CCCC2CCC(CCCC(C3CCCCC3)C3CCCCC3)CC2)CC1,1,Probes & drugs
C1CCC(C2CCC(CCCCC3CCCCC3CC3CCCC4CCCCC43)CC2)CC1,1,Probes & drugs
CC(O)(P(=O)(O)O)P(=O)(O)O,1,Probes & drugs
C1CCC(CCCCC2CC3CCC2C3)CC1,1,Probes & drugs
C1CCC(CCCC2CCCC2CC2CCC(C3CCCCC3C3CCCC3)CC2)C1,1,Probes & drugs
C1CCC(C2CCCC(CC3CCC(C4CCCCC4)C3)C2)CC1,1,Probes & drugs
NC(=O)N[C@@H](CCC(=O)O)C(=O)O,1,Probes & drugs
C1CCC(C(CCCC2CCC3(CCCC3C3CCCCC3)CC2)C2CCCCC2)CC1,1,Probes & drugs
C1CCC(CCC2CCC3C4CCCC35C2CC2CCCC(C4)C25)CC1,1,Probes & drugs
C1CCC2CC3C(CC2C1)CC1C3CC2CCCC3CCCC1C32,1,Probes & drugs
C1CCC(CC2CCC(C3CC(C4CCCCC4)C4CCCCC34)CC2)CC1,1,Probes & drugs
C1CCC(CC2CCC3C(CCC3C3CCCC3)C2)CC1,1,Probes & drugs
C1CC2CCCC3CC4CCCC4C4CC(C1)C2C34,1,Probes & drugs
C1CCC(CCC2CC2)C1,1,Probes & drugs
C1CCC(C2CCC(CCC3CCC4C5CCCC5CC34)CC2)CC1,1,Probes & drugs
C1CCC(C2CCCC(C3CCC4CCCCC4C3)C2)CC1,1,Probes & drugs
C1CCC(C2CC3CCCC4CCCC(C43)C2C2CCCC2)CC1,1,Probes & drugs
CCOP(=O)(OCC)SCC[N+](C)(C)C,1,Probes & drugs
C1CCC(C2CCC3C(C2)CC2CCCCC23)CC1,1,Probes & drugs
C1CC2CCC(CCC3(C4CCC5CCCC5C4)CC3)CC2C1,1,Probes & drugs
C1CCCCCCCCCCC2CCC3C(CCC4CC(CCCCCC1)CC43)C2,1,Probes & drugs
C1CCCCC2CC(CCC2CCCC2CCCC2)CC2CCCC(C2)C2CCCC(CCC1)C2,1,Probes & drugs
C1CCC(C2CCCCC2CCC2CCC(CC3CCC4CCCC4C4CCCCC34)CC2)CC1,1,Probes & drugs
C1CCC(CCCC2CC(C3CCCCC3)C(C3CCCCC3)C2)CC1,1,Probes & drugs
C1CCC(C2CC3CCC(C3)C2)CC1,1,Probes & drugs
C1CCC(CCC(CC2CCCC2)CC2CCCC2)C1,1,Probes & drugs
C1CCC(CCCCC2CCCC(C3CCC4CCCC4C3)C2)C1,1,Probes & drugs
C1CCC(CCC2CCC(CC3CC4CCC4C3)C2)CC1,1,Probes & drugs
C1CCC(C2CC3CCC2C3)CC1,1,Probes & drugs
C1CCC(C2CCC3C(CCC4CCCCC43)C2)CC1,1,Probes & drugs
CCCCC(CC)COC(=O)CC(C(=O)OCC(CC)CCCC)S(=O)(=O)O,1,Probes & drugs
C1CCC(CCC2CCC3CC(CCC4CCCCC4)CC3C2)CC1,1,Probes & drugs
C1CCC(C2CCCC(C3CCC(C4CCCC4)C3)C2)CC1,1,Probes & drugs
C1CCC(C2CCCC(CCC3CCC(C4CCC5CCCCC5C4)C3)C2)C1,1,Probes & drugs
CC(=O)O[Al](O)OC(C)=O,1,Probes & drugs
C1CCCC(CC2CCCC3CCCCC32)CC1,1,Probes & drugs
C1CCC(C2CCCCC3CC4CCCCC4C32)CC1,1,Probes & drugs
C1CCC(CCCC2CCC(C3CCCC3)CC2C2CCCC2)C1,1,Probes & drugs
C1CCC(C2CCC3CC(C4CCCCC4)CC3C2)CC1,1,Probes & drugs
C1CC2CCC3(CC3)CC2C1,1,Probes & drugs
CC(=O)N(O)CCCCCNC(=O)CCC(=O)N(O)CCCCCNC(=O)CCC(=O)N(O)CCCCCN,1,Probes & drugs
C1CCC2(C1)C1CC(CC3CC3)CC2CC(CC2CC2)C1,1,Probes & drugs
C(CCCCCC1CCCC2CCCCC12)CCCCC1CCCC2CCCCC12,1,Probes & drugs
C1CCC(CCC2CCC(C3CCC3)C2)CC1,1,Probes & drugs
C1CCC(CCCC(CC2CCCCC2)CC2CCC(C3CCCCC3)C2)CC1,1,Probes & drugs
C1CCC(C2CCCC2CC(C2CCCCC2)C(CCC2CCC2)C2CCCCC2)CC1,1,Probes & drugs
C1C2CC3CC1CC(CCC1CCC4CC14)(C2)C3,1,Probes & drugs
C1CCC(CCC2CCC(CC3CCCC(CCC4CCCCC4)C3)CC2)CC1,1,Probes & drugs
C1CCC(CCC2CCCCC2C2CCCC2)CC1,1,Probes & drugs
C1CCC(C2CCC(CC(CC3CCCC3)C3CCCCC3)CC2)CC1,1,Probes & drugs
C1CCC(CCCC2C3CCC3CC2C2CCCC2)C1,1,Probes & drugs
C1CCC(CC2CCC3CCCC32)CC1,1,Probes & drugs
C1CCC(CC2CCC(C3CCC4C(CC5CCCCC5)CCCC4C3)C2)CC1,1,Probes & drugs
C1CCC(C2CC3CCCCC3C(CC3CCC4CCCC4C3)C2)CC1,1,Probes & drugs
C1CCC(CC2CCCC(C34CCCC(CC3)C4)C2)CC1,1,Probes & drugs
C1CCC2CC(CCCC3CCCC4CCCCC43)CC2C1,1,Probes & drugs
C1CCC(CC2CCCC3CC(C4CC4)CCC23)CC1,1,Probes & drugs
C1CCC(CC2CC2)CC1,1,Probes & drugs
O=C(O)[C@@H](S)[C@@H](S)C(=O)O,1,Probes & drugs
C1CCC(C2CCC3C(C4CCCCC4)CCC(C4CCCCC4)C3C2)CC1,1,Probes & drugs
C1CCC(CCC2CC3CCCC32)CC1,1,Probes & drugs
C1CCC2(CC1)CCCC2,1,Probes & drugs
CCCC(C)(COC(N)=O)COC(N)=O,1,Probes & drugs
C1CCC(CCC2CCCC2CCC2CCC3CCCC3C2)C1,1,Probes & drugs
C1CCC(CC2CCCC(CCCCC3CCC(CC4CCCC4)CC3)C2)CC1,1,Probes & drugs
C1CCC(CCCCC2CCC3CC(CC4CCC5CCCC5C4)CCC3C2)CC1,1,Probes & drugs
C1CCC(CCC2CCCCC2C2CCC(CC3CCC4(CCCC4)C3)CC2)C1,1,Probes & drugs
C1CCC(C2CCC3CCCC(CC4CCCC4)C3C2)CC1,1,Probes & drugs
C1CCC2C(C1)CCC1CCCCC1C2CCCC1CCC2(CC1)CCC1CCCCC12,1,Probes & drugs
C1CCC(C2CCC(CCC3CCC4CC5CCCC5C4C3)CC2)C1,1,Probes & drugs
C1CCC(CCCC2CCCC2C2CCCCC2)CC1,1,Probes & drugs
C1CCC2C(C1)CCCC2CCC1CC1,1,Probes & drugs
C1CCC2CC(CC3CCC(C4CCC5CCCCC5C4)CC3)CCC2C1,1,Probes & drugs
C1CCC(C2CCC(CCC3CC(C4CCCC4)C(C4CCC(C5CCCCC5)CC4)C3)CC2)CC1,1,Probes & drugs
C1CCC(C2CC2CC2CCCC3C(C4CCCC4)CCC23)CC1,1,Probes & drugs
C1CCC2(CC2)C(C2CC2)C1,1,Probes & drugs
C1CCC(C2CCC(CCC3CCC(C4CCC5CCCCC54)CC3)C3CCCCC3C2)CC1,1,Probes & drugs
C(CCCC1CCCC1)CCCC1CCC2CCCC2C1,1,Probes & drugs
C1CCC(CCC2CC3CC(C2)C2C4CCCCC4C4C5CCCC5C5C6CCCCC6C3C5C24)CC1,1,Probes & drugs
C1CCC2C(C1)C1CCCC3CCCC2C31,1,Probes & drugs
C1CCC2CCC3CCCC(C3)C3CCCC3CCCC2C1,1,Probes & drugs
C1CCC(CC2CCC3CCC(C4CCCC4)CC3C2)CC1,1,Probes & drugs
C1CCC2CC(C3CC4CCCCC4C3)CC2C1,1,Probes & drugs
C1CCC(C2CCC(C(C3CCCCC3)C3CCCCC3)CC2)CC1,1,Probes & drugs
C1CCC(CCCCC23CCC(CC2)C(CCC(C2CCCC2)C2CCCC2)C3)CC1,1,Probes & drugs
C1CCC(C2CCC(CC3CCCC3)C2)CC1,1,Probes & drugs
C1CCC(CC2CCCC(CC3CCC4CCCC4C3)C2)CC1,1,Probes & drugs
C1CCC(CC2CCC(C3C4CCCCC4CCC4CCCCC43)CC2)CC1,1,Probes & drugs
C1CCC(C2CCC(CCCCC3CCCC3)C2)CC1,1,Probes & drugs
C1CCC2CCCC3(CC1)CCCC23,1,Probes & drugs
C1CCCC2CC2C2CCCC2CC1,1,Probes & drugs
C1CCC(C2(CCCCC3CCCC3)CCCC3(CCCC3)C2)CC1,1,Probes & drugs
C1CCCC(CCCCC2CCCCC2)CC1,1,Probes & drugs
C1CCC(CC2CCC(CC3CCCCC3CC3CCCCC3)C2)CC1,1,Probes & drugs
C1CCC2C(C1)C1CC3C4CCC5CCC6(C5C4)C4CCCCC4C(CC4C5CCC7CCC2(C7C5)C14)C36,1,Probes & drugs
C1CCC(CC2CCC(C3CCC(C4CCCC5CC(C6CCCC6)CC54)CC3)CC2)CC1,1,Probes & drugs
C1CCC(CC(CCCCC2CCCC(C3CCCCC3)C2C2CCCCC2)C2CCCCC2)CC1,1,Probes & drugs
C1CCC2CC3C(CC2C1)CC1CCCCC13,1,Probes & drugs
C1CC(CC2CCC34C5CCCC3C2CC2CCCC(C5)C24)C1,1,Probes & drugs
C1CCC(C2CC(CCC3CCCC3)CC3CC(C4CCCC5CCCCC54)CCC32)CC1,1,Probes & drugs
C1CCC2C(C1)CCCCC2C1CCC(CCC2CCC(CC34CCC(CC3)CC4)CC2)CC1,1,Probes & drugs
C1CC2CCC3CCCC3C2C1,1,Probes & drugs
C1CCCCCC2CC3C(CC4CCCCC4)CCCC3CC2CCCC1,1,Probes & drugs
FCOC(C(F)(F)F)C(F)(F)F,1,Probes & drugs
C1CCC(CCCCC2CC2)CC1,1,Probes & drugs
FC(F)(F)C(F)(F)C(F)(F)C(F)(F)C(F)(F)C(F)(F)C(F)(F)C(F)(F)Br,1,Probes & drugs
C1CCC(CC2CCC(CCC3CCCC4CCCCC43)C3CCCCC23)CC1,1,Probes & drugs
C1CCCCCCCCC2CCC3C(CCC4CC(CCCCCCCC1)CC43)C2,1,Probes & drugs
O=C(O)CN(CCN(CC(=O)O)CC(=O)O)CCN(CC(=O)O)CC(=O)O,1,Probes & drugs
C(CCC1CCC(C2CCCC3CCCC32)CC1)CCC1CCC2CCCCC2C1,1,Probes & drugs
C1CCC(C2CCCC(CC3CCCC(CCC4CCCC(C5CCCC5)C4)C3)C2)CC1,1,Probes & drugs
C1CCC23CC4CC(CC(C4)C2C1)C3,1,Probes & drugs
C1CC2CCCC2C(CC2C3CC4CC(C3)CC2C4)C1,1,Probes & drugs
C1CCCCC2CCCCCCCC(CCC1)CCCCCC2,1,Probes & drugs
C1CCC(CCCCC2CCCCC2C2CCCCC2)CC1,1,Probes & drugs
N#C[Fe-2](C#N)(C#N)(C#N)(C#N)N=O,1,Probes & drugs
[CH]1C2CCCCC2CC12[CH]C1CCCCC1C2,1,Probes & drugs
OC[C@@H](O)[C@@H](O)[C@H](O)[C@H](O)CO,1,Probes & drugs
O=P(O)(O)C(Cl)(Cl)P(=O)(O)O,1,Probes & drugs
C1CCC(CCC2CCC3CCC2C3)CC1,1,Probes & drugs
C1CCC(CCC2CCCC(CC3CC4CCCCC4CC3C3CCCCC3)C2)CC1,1,Probes & drugs
C1CCC(CCCCC2CCCCC34CCCC2C3CCC4)CC1,1,Probes & drugs
C1CCC(CCCC2CCC3CC4CCCC(C4)C4CCCC(CCCCCCCCC2C3)C4)C1,1,Probes & drugs
CCCCCCCCCC[N+](C)(C)CCCCCCCCCC,1,Probes & drugs
N[C@@H](CCC(=O)N[C@@H](CS)C(=O)NCC(=O)O)C(=O)O,1,Probes & drugs
C1CCC(CCCCCCCCCCCCCCCCCCC2CCCCC2)CC1,1,Probes & drugs
C1CCC(CCCC2CCCC3CCCCC32)CC1,1,Probes & drugs
CC(C)=CCC/C(C)=C/CC/C(C)=C/CC/C=C(\C)CC/C=C(\C)CCC=C(C)C,1,Probes & drugs
C1CCC(CCCC2CC(C3CCCCC3)C2C2CCCCC2)CC1,1,Probes & drugs
CC(C)CCCC(C)CCCC(C)CCCCC(C)CCCC(C)CCCC(C)C,1,Probes & drugs
C1CCC2CCC2C1,1,Probes & drugs
C1CCC(C2CCC(C3CCCC4CCCC43)C2)CC1,1,Probes & drugs
C1CCC(CCCCC2CCC3CCCCC3C2)CC1,1,Probes & drugs
C1CCC(C2CCC(CC3CCC4CC5CCCC6(CCCCC6)C5C4C3)CC2)CC1,1,Probes & drugs
C1CCCCCCC2CC2CC(CCC2CCCC2)CCCCC1,1,Probes & drugs
NCCCC(N)(C(=O)O)C(F)F,1,Probes & drugs
C1CCC2CC(CCCCCC3CC4CCCCC4C3)CC2C1,1,Probes & drugs
C1CC2CCC3CCC(CCC45CC6CC7C(CC8CCC(CCCC9CCCC9CC(C1)C2)CC8C7C4)C6C5)C3,1,Probes & drugs
C1CCC(CCC2CCCC3CCCC32)C1,1,Probes & drugs
C1CCC(CCCCC2CCC(C3CCC4CCCCC43)C2)CC1,1,Probes & drugs
CC(/C=N/NC(=N)N)=N\NC(=N)N,1,Probes & drugs
C1CCCCCCCCCCCCCCC1,1,Probes & drugs
C1CC2CCC(C3CCC4(CC4)C3)CC2C(C2CC2)C1,1,Probes & drugs
C1CCC2(CC1)CC1CCCCC1C2,1,Probes & drugs
C1CCC2CC3C(CCC4CCCCC43)CC2C1,1,Probes & drugs
C1CCC(CCC2CCC(CCC3CCCC3)C2)C1,1,Probes & drugs
C1CCC(CCCCC2CCC(C3CCCC3)CC2)C1,1,Probes & drugs
C[N+](C)(C)C[C@H](O)CC(=O)[O-],1,Probes & drugs
C1CCC(CCC2CCC(CC3CCC4CCCCC43)CC2)CC1,1,Probes & drugs
C1CCC2C(C1)CCC1CCCCC1C2C1C2CCCCC2CC2CCCCC21,1,Probes & drugs
C1CCC(C2CCC(C3CC3)C3CCCCC23)C1,1,Probes & drugs
C(CCC1CCCC1)CCC1CCCC1,1,Probes & drugs
C1CCC(C2CCC(CCC3CCC4CCCCC4C3)C2)CC1,1,Probes & drugs
C1CCCCCC(CC2CCCCC2)CC(CC2CCCCC2)CCCCC1,1,Probes & drugs
C1CC2CC3CCC4C(CCC5C6CCCC6CCC54)C3CC2C1,1,Probes & drugs
C1CCC(CC2CC(CC3CCCC3)CCC2CC2CCC3CCCC3C2)CC1,1,Probes & drugs
C1CCC2C(C1)CC1CC2CC2CCCCC21,1,Probes & drugs
C1CCC(C2CCC(CC3CCC4C(CCCC5CCCC5)CC4C3)C2)CC1,1,Probes & drugs
C1CCC2C(C1)CCCC2CC1CCCC2CCCC21,1,Probes & drugs
C1CCC(CC2(CCCCCC3CCC4CC3C4)CCCCC2)CC1,1,Probes & drugs
C1CCC(C2CCCC(CC3CC4CCCCC4C3)C2)CC1,1,Probes & drugs
C1CCC2CC3C4CCCC(C4)C3CC2C1,1,Probes & drugs
C1CCC(CC2CC(CC3CCCC3)CC(CC3C4CCCCC4CC4CCCCC43)C2)C1,1,Probes & drugs
C1CCC2CC(C3CCC4CCCCC4C3)CCC2C1,1,Probes & drugs
C1CCC(C2CCCC2C2CCC(C3CCC(CC4CCCC4)C3)CC2)CC1,1,Probes & drugs
C1CCC(C2CCC(C3CCC(CCC4CCCC4)C3)CC2)CC1,1,Probes & drugs
C1CCC(CCC2CC(CC3CCCCC3)CC(C3CCCCC3)C2)CC1,1,Probes & drugs
C(CCCC1C(CCCCC(CCC2CCCCC2)C2CCCCC2)CC2CCCC21)CCC1CC1,1,Probes & drugs
C1CCC(CCC2CCCC3C(CCCCC4CC4)CCC32)CC1,1,Probes & drugs
C1CCC(C2CCCC2C2CCC3CCC(CCC4CCCC4)C3C2)CC1,1,Probes & drugs
C1CC2CC1C1CCC34CC3CC2C14,1,Probes & drugs
C1CCC(C2CCC(C3CC4CCCC4C3)CC2)CC1,1,Probes & drugs
C1CC2CCCC3CC(C4CC5CCC4CC5)CC(C1)C23,1,Probes & drugs
C1CCC(CCCCC2CCCC(C3CCCC3)CC2)CC1,1,Probes & drugs
C1CCC(CCCC(C2CCCC2)C2CCCC2)CC1,1,Probes & drugs
C1CCC(CCCC2CCC(CC3C4CCCCC4CC3C3CCCCC3)CC2)CC1,1,Probes & drugs
C1CCC(CC2CCC(CC3CCC(CCC4CCC5CCCCC54)CC3)C2)CC1,1,Probes & drugs
C1CCC(C2C3CCCCC3C3CCCC32)CC1,1,Probes & drugs
C1CCC2C(C1)CCC1CCCC12,1,Probes & drugs
C1CCC(C2CCC(CCC3CCCC4CCCCC43)C2)CC1,1,Probes & drugs
C1CCC(C2CCCC(C3CCC(C4CCCC4)CC3)C2)CC1,1,Probes & drugs
N[C@@H](COP(=O)(O)O)C(=O)O,1,Probes & drugs
C1CCC(CCCCC2CCC3CC23)C1,1,Probes & drugs
C1CCC(CC2CCC(CCC3CCCC(CCC4CCC5CCCCC54)C3)CC2)CC1,1,Probes & drugs
C1CCC(CC2CCC3CCC(C4CCCCC4)CC3C2)CC1,1,Probes & drugs
C1CCC(C2CCC(CC(CC3CCCC3)C3CCCCC3)C2)CC1,1,Probes & drugs
C1CCC(CCC2CCC(C3CCCC3)C(C3CCCC3)C2)CC1,1,Probes & drugs
C1CCC(CCCCCC2CCC(CC3CCCCC3)C2)CC1,1,Probes & drugs
C1CCC(CC2CC(CC3CCC(C4CCCCC4)CC3)CC3CCCC32)CC1,1,Probes & drugs
C1CCC(CC2CCC(C3CCC4CCC5CCC5C4C3)CC2)C1,1,Probes & drugs
C(CCCC1CCCCC1)CCCCCC1CCC2CCCC2C1,1,Probes & drugs
C1CCC(CCC2C3CCCCC3CC2C2CCCCC2)CC1,1,Probes & drugs
C1CCC(CC2CCC(CCCC3CCCC3)C2)CC1,1,Probes & drugs
C1CCC(CCCC2CCC2)C1,1,Probes & drugs
C(CCC1CCC2CCCCC12)CC1CCC(C2CCC3CCCC3C2)CC1,1,Probes & drugs
C1CCC(CC2CC3CCC4CC(C5CCCCC5)CCC4C3C2)CC1,1,Probes & drugs
C1CCC(CCCC2CCC2CCC2CCCCC2)CC1,1,Probes & drugs
C1CCC2CC(C3CCCC(C45CC6CC(CC(C6)C4)C5)C3)CCC2C1,1,Probes & drugs
C1CCC(C(CC2CCCC3CCCCC32)C2CCC3CCCCC3C2)CC1,1,Probes & drugs
C1CCCC2CC(C3CCCCC23)C2CCCC2C2CC(CC1)C1CCCCC12,1,Probes & drugs
C1CCC(CCC2CCCCC2C2CCC3CCCCC3C2)CC1,1,Probes & drugs
C1CCC2CCC(C3CCCC3)C2CC1,1,Probes & drugs
C1CC2CCCC(C3CC3)C2C1,1,Probes & drugs
C(CCCC1CC2CCCCC2C1)CCC1CCC2CCCCC2C1,1,Probes & drugs
C1CCC(CC2CCCC(CC3CCCC3)C2)CC1,1,Probes & drugs
C1CCC(C(C2CCCCC2)C2CCC(CCC3CCC4CCCC4C3)C2)CC1,1,Probes & drugs
C1CCC(CCC2CCC(CC3CCCC4CCC(CCCCC5CCCC5)CC43)CC2)CC1,1,Probes & drugs
C1CC2CCC3C(CCC4CCC5CC5C43)C2C1,1,Probes & drugs
CC(O)(CC(=O)O)CC(=O)O,1,Probes & drugs
C1CCC(CC2CCC(C3CCCC4CCCC43)C2)C1,1,Probes & drugs
C1CCC(CC2CCC3CCC4(CCCCC4)C3C2)CC1,1,Probes & drugs
C1CCC(CCC2CC3CCCCC3CC2CC2CCCC2)CC1,1,Probes & drugs
C1CCC(C2CCC3C(CC4CC4)CCCC23)C1,1,Probes & drugs
C1CCC2CCCCC2CCC2CCC3CCC(CC1)C3C2,1,Probes & drugs
C1CCC(CCC2CCC3(CCCC3)CC2)CC1,1,Probes & drugs
C1CCC(C2CCCC2CCC2CC2)CC1,1,Probes & drugs
C1CC2CC3CCCC(C4CCC5CCCCC54)C3CC2C1,1,Probes & drugs
C1CC2CCC(CC3CCC4CCCCC43)CC2C1,1,Probes & drugs
C1CCC2CCCCC2CC1,1,Probes & drugs
C1CCC(CCC2CC3C4CCC(C3C2)C2CC42)CC1,1,Probes & drugs
C1CC2CCC(C3CCC4CCCC(C5CC5)C4C3)CC2C1,1,Probes & drugs
C[N+](C)(C)CCOC(=O)CCC(=O)OCC[N+](C)(C)C,1,Probes & drugs
C1CCC(C2C(CCC3CC4CCC3CC4)CCC3CCCCC32)CC1,1,Probes & drugs
C1CCC(CC2CC(C3CCCCC3)CC3CC(C4CCCCC4)CC23)CC1,1,Probes & drugs
CC(C)(CCCCCC(O)CCCCCC(C)(C)C(=O)O)C(=O)O,1,Probes & drugs
C1CCC(CCCCC(CC2CCCCC2)C2CC3CCCCC3C2)CC1,1,Probes & drugs
C1CCC(CCC2CCC(C3CC(C4CCCC4)C4CCCCC34)CC2)CC1,1,Probes & drugs
C1CCC(CCCC2CCC(CCCC3CCC(C4CCCCC4)CC3)C2)CC1,1,Probes & drugs
C1CCC23CCCCC2CC2CCCC(C1)C23,1,Probes & drugs
CC(=O)OCC(COC(C)=O)OC(C)=O,1,Probes & drugs
C1CCC(CC2CCCC(CCC3CCCCC3)C2)CC1,1,Probes & drugs
C(CCCCCC1CCCCC1)CCCCCC1CCCCC1,1,Probes & drugs
C1CCC(CC2CC(C3CCCCCC3)CC3CCCCC32)CC1,1,Probes & drugs
CCCC(=O)OC(C(Cl)(Cl)Cl)P(=O)(OC)OC,1,Probes & drugs
C1CCC(CCCCC2CCCC3CCC(C4CCCCC4)CC23)CC1,1,Probes & drugs
C1CCC(CCCC2CCC3CCC(CC4CCCC4)C3C2)CC1,1,Probes & drugs
C1CCC(C2CCC(C3CCC(C4CCC(C5CCC(C6CCCC6)C5)CC4)CC3)C2)C1,1,Probes & drugs
C1CCC(CC2CCCC2CCCC2CCCC2)CC1,1,Probes & drugs
C1CCC(CC(CCC2CCCC2)C2CCCCC2)CC1,1,Probes & drugs
C1CCC(C2CCC3C(C4CCC(C5CCCC5)C4)CCCC23)CC1,1,Probes & drugs
C1CCC2CC(C3CCC4CCCCC43)CC2C1,1,Probes & drugs
C(CC1CCC2CCCCC2C1)CC1CCC2CCCCC2C1,1,Probes & drugs
C(CCCC1CCCCC1)CCCC(CCCCC1CCCCC1)CC1CCCCC1,1,Probes & drugs
C1CCC(CCC2CCCCC2C2CCCCC2)CC1,1,Probes & drugs
C1CCC(CCCC2CCC(C3CCCCC3)C2)CC1,1,Probes & drugs
C1CCC(CCCC2CCC3C(C2)CC2CC(C4CCC(CCCC5CCCC5)CC4)CC23)CC1,1,Probes & drugs
C1CCC(CC2C3CCCCC3C3CCCC32)CC1,1,Probes & drugs
C1CCC(CC2CCCC2C2CCCCC2)CC1,1,Probes & drugs
C1CCC(C2CCC(CC3CCC4CCCC4C3)CC2)CC1,1,Probes & drugs
C1CCC(CCCCC23CCC(C(C4CCCCC4)C4CCCCC4)(CC2)CC3)CC1,1,Probes & drugs
C1CCC(CC2CCC(CCCCC3CCC(CCCC4CCCCC4C4CCCCC4)CC3)CC2)CC1,1,Probes & drugs
C1CCC(CCCC2CCC3CC4CCCCC4CC3C2)CC1,1,Probes & drugs
C1CCC(C2CC3CCC(CC4CCC(C5CC5)C4)CC3C2)CC1,1,Probes & drugs
C1CCC(C2C3CCCCC3C3CC4(CC5C6CCCC5CC6)CC4C4CCCCC4C32)CC1,1,Probes & drugs
C1CCC2CC(C3CCCC3)CCC2C1,1,Probes & drugs
C1CC(CC2CCCCC2C2CCCC2)CCC(C2CC3CCCCC3C2)C1,1,Probes & drugs
C1CC(CCC2CC2)CC(CC2CCCC(C3CCCC3)C2)C1,1,Probes & drugs
C1CCC(CCC2CC(C3CCCC(C4CCCC4)C3)CCC2CC2CCCCC2)CC1,1,Probes & drugs
C1CCC(CCC(CCC2CCCCC2)CCC2CCC3CCCCC3C2)CC1,1,Probes & drugs
C1CCC(CC2CC(CC3CCCCC3)C3C4CCCC4CC23)CC1,1,Probes & drugs
C1CCC2C(C1)CCC1CCCCC1C2C1CC1,1,Probes & drugs
C1CCC(CC2CC3CCC2C3)CC1,1,Probes & drugs
C1CCC(CCC2CCC3CC(CC4CCCCC4)CCC3C2)CC1,1,Probes & drugs
C1CCC(C2CCC(CCCC(C3CCCCC3)C3CCCCC3)CC2)CC1,1,Probes & drugs
C1CCC(C2CCC3CCC4CCCC4C32)C1,1,Probes & drugs
C1CCC(C2CCCC(CCC3CCCCC3C3CCCC3)C2)CC1,1,Probes & drugs
C1CCC(CCCC2CCC3CC4CCC5CCCC(C3C2)C54)CC1,1,Probes & drugs
CCOC(=O)CC(SP(=S)(OC)OC)C(=O)OCC,1,Probes & drugs
COP(=O)(OC)OC=C(Cl)Cl,1,Probes & drugs
C1CCC(CCCC2(C3CCCCC3)CCC3(CCCC3)CC2)CC1,1,Probes & drugs
C1CCC(CC2CCC3CCC(CCC4CCC(C5CCCCC5)CC4CC4CCCCC4)C3C2)CC1,1,Probes & drugs
C1CCC(CC2CCC3C(CCC4C3CCC3C(C5CCCCC5)CCC34)C2)CC1,1,Probes & drugs
C1CC2C3CCC(C3)C2C1,1,Probes & drugs
C1CCC(C2(C3CCCCC3)CC2C2CCCC2)CC1,1,Probes & drugs
C1CCC(C2CC3CCCCC3CC2CC2CC(C3CCCCC3)C3CCCCC23)CC1,1,Probes & drugs
C1CCC(CC2C3CC(C4CCC(C5CCCC6CCCC65)CC4)CC2C3)CC1,1,Probes & drugs
C1CCC(CCC2CCCC(C3CCC4CCCC4C3)C2)CC1,1,Probes & drugs
C1CCC(C2CCC(CCC3C4CCCCC4CC4CCCC43)CC2)CC1,1,Probes & drugs
C1CCC(C2CCC(CC(CCC3CCC(C4CCC5CCCCC5C4)CC3)CC3CCC4CCCC4C3)CC2)CC1,1,Probes & drugs
C1CCC(CCCCCC2CCC3C(CCCCC3C3CCCCC3)C2)CC1,1,Probes & drugs
C1CCC(C2CC3CCCCC3CC3CCCC32)CC1,1,Probes & drugs
C1CCC(CC2CCC(CCC3CCC4C(C5CCCC5)CCCC34)CC2)CC1,1,Probes & drugs
C1CCC(CCCCC2CCCC3CCCCC23)CC1,1,Probes & drugs
C1CCC(CCC2CCC(CC3CC4CCCCC4C3CC3CCCCC3)CC2)CC1,1,Probes & drugs
C1CCC(C2CCCCC2CCC2CCC3CCCC3C2)CC1,1,Probes & drugs
C1CCC(CCCCC2CCC3CC4CC5CCCCC5C4CC3C2)CC1,1,Probes & drugs
C1CCC(CC2CCCC3C(C4CCCCC4)CC(C4CC4)CC23)CC1,1,Probes & drugs
C1CCC2C(C1)CCCC2CC1CCC(C2CCCCC2C2CCCC2)CC1,1,Probes & drugs
C1CCC(CCCCC2CCCC(CCCC3CCC(C4CCCC4)CC3)C2)C1,1,Probes & drugs
C1CCC(CCCCC2CCC3CCCCC3C2)C1,1,Probes & drugs
C1CC2CCC(CC3CCCC4CC(CCC5CC5)CCC43)CC2C1,1,Probes & drugs
C1CC2CC3(CCCC3C1)CCC1CC12,1,Probes & drugs
C1CCC(C(CCC2CCC3CCCCC32)CC2CCCC2)CC1,1,Probes & drugs
C1CCC(C2CC3CCCCCCC3C(C3CCCCC3)C2)CC1,1,Probes & drugs
C1CCC(C2CCCC(C3CCCCC3)C2)CC1,1,Probes & drugs
C1CCC(CCCCC2CCC(C3CCC4CCCCC4C3)CC2)CC1,1,Probes & drugs
C1CC2CCC(CC3CCCC4CCCCC43)CC2C1,1,Probes & drugs
C1CCC(C2CCC(C3CCC(C4CCCCC4)CC3)CC2)CC1,1,Probes & drugs
C1CCC2C(C1)CCC21C2CCCCC2CC2CCCCC21,1,Probes & drugs
C1CCC(CCCC2CCCC(C3CC4CCCCC4C3)C2)CC1,1,Probes & drugs
C1CCC2C(C1)CC1CCCC3CCCC2C31,1,Probes & drugs
C1CC2CC3CCC4CCCC45CCCC5C3CC2C1,1,Probes & drugs
C1CCC(C(C2CCCCC2)C2CCC(CCCC3CCC4CCCCC43)CC2)CC1,1,Probes & drugs
C1CCC(C2CC(C3CCCC3)CC(C3CCC(CCC4CCC5C4CCC4C6CCCCC6CCC54)CC3)C2)C1,1,Probes & drugs
C1CCC(C2CC(C3CCCCC3)CC(C3CCCCC3)C2)CC1,1,Probes & drugs
C1CCC(CCC2CCCC(CCC3CC3)C2)CC1,1,Probes & drugs
C1CCC(C2CCCCC2CCC2CCC(CCCCC3C4CCCCC4C4CCCCC34)CC2)CC1,1,Probes & drugs
C1CCC(CC2CCC(C3CCC4CCCCC4C3)CC2)CC1,1,Probes & drugs
C1CCC(CCC2CC(C3CCCC3)C3CCCCC23)CC1,1,Probes & drugs
C1CCC(C2CCC3CC4C(CCC5C6CCCC6CCC45)CC32)CC1,1,Probes & drugs
C1CCC(CCC2CCC(CC3CCCCC3)C2)CC1,1,Probes & drugs
C1CCC(C(C2CCCCC2)(C2CCCCC2)C2CCCC2)CC1,1,Probes & drugs
C1CCC(CCC2CCCC(CC3CCCCC3)C2C2CCC(CC3CCCC3)CC2)CC1,1,Probes & drugs
C1CCC(CCCC2CCCC(C3CCC4CCCCC4C3)C2)CC1,1,Probes & drugs
C(CCCCC1CCCC2CC3CCCCC3C12)CCCC1CCCCC1,1,Probes & drugs
C1CCCCCCC2CCCCC2CCCCC1,1,Probes & drugs
C1CCC2C(C1)CCC1CCCCC1C2CC1CC2CCC(C2)C1,1,Probes & drugs
C1CCC(CCC2CC2(CCC2CCCCC2)C2CCCCC2)CC1,1,Probes & drugs
C1CCCCCC1,1,Probes & drugs
C1CCC(CCC2CCC(CCCCCC3CCCCC3)CC2)CC1,1,Probes & drugs
C1CCC2C(C1)CCCC2CCC1CCC(CC2CCC(CC3CC3)CC2)CC1,1,Probes & drugs
C1CCC(CCC(CCC2CC2)C2CCCC(CCC3CCC4CCCCC4C3)C2)CC1,1,Probes & drugs
C1CCC2C(C1)CCC1C2CCC2C3CCCC3CCC21,1,Probes & drugs
C1CCC(C2CC(C3CCC(CCC4CCCC4)CC3)C3CCCCC23)CC1,1,Probes & drugs
C1CCCC(CC2CCCC(CC3CCCC4CCCCC43)C2)CC1,1,Probes & drugs
C1CCC2CCC3CCCC(C1)C23,1,Probes & drugs
C1CCC(C2CCCC3CCCCC3C2)CC1,1,Probes & drugs
C1CC2CC3CCC45C3CC2C2C(C1)CCC(C1CCCCC14)C25,1,Probes & drugs
C1CCC(C2CCC2)CC1,1,Probes & drugs
C1CCC(CC2CCCC2CC2CCCCC2)CC1,1,Probes & drugs
C1CCC(CC2CC3C4CCC(C4)C3C2)C(CC2CCC(C3CCC4CCCCC43)CC2)C1,1,Probes & drugs
