Murcko_scafold,count,source
c1ccccc1,163,Probes & drugs
O=C1C=CC2C(=C1)CC[C@@H]1C2CCC2CCC[C@H]21,26,Probes & drugs
O=C1C=C2CC[C@H]3[C@@H]4CCCC4CC[C@@H]3C2CC1,24,Probes & drugs
c1ccc(Cc2ccccc2)cc1,23,Probes & drugs
O=C1CN=C(c2ccccc2)c2ccccc2N1,21,Probes & drugs
O=C1C=CC2C(=C1)CC[C@H]1[C@@H]3CCCC3CC[C@H]21,17,Probes & drugs
c1ccc2c(c1)Nc1ccccc1S2,16,Probes & drugs
O=C1CC(=O)NC(=O)N1,12,Probes & drugs
C1=CC(c2ccccc2)C=CN1,12,Probes & drugs
c1ccc2ccccc2c1,11,Probes & drugs
c1ccc2c(c1)CC[C@@H]1[C@@H]2CCC2CCC[C@H]21,11,Probes & drugs
C=C1CCCC/C1=C/C=C1\CCCC2CCC[C@@H]12,10,Probes & drugs
O=C(c1ccccc1)c1ccccc1,10,Probes & drugs
c1ccc2ncccc2c1,10,Probes & drugs
O=c1[nH]c(=O)c2[nH]cnc2[nH]1,9,Probes & drugs
c1ccc(Nc2ccccc2)cc1,9,Probes & drugs
O=C1C=C2CC[C@@H]3[C@H](CCC4CCC[C@H]43)[C@H]2CC1,8,Probes & drugs
C1CCCCC1,8,Probes & drugs
C1CC[C@H]2CC[C@H]3[C@@H]4CCCC4CC[C@@H]3C2C1,8,Probes & drugs
c1ccc(Cc2ccccn2)cc1,8,Probes & drugs
O=c1ccn([C@H]2CCCO2)c(=O)[nH]1,8,Probes & drugs
c1ccc2c(c1)Sc1ccccc1N2CCCN1CCNCC1,7,Probes & drugs
c1ccc(-c2ccccc2)cc1,7,Probes & drugs
O=C(Cc1ccccc1)N[C@@H]1C(=O)N2CCS[C@H]12,7,Probes & drugs
c1ncc2ncn([C@H]3CCCO3)c2n1,7,Probes & drugs
O=C(Nc1ccccc1)c1ccccc1,7,Probes & drugs
O=C1c2ccccc2C(=O)c2cc3c(cc21)CCC[C@@H]3O[C@H]1CCCCO1,7,Probes & drugs
N=C(C(=O)N[C@@H]1C(=O)N2C=CCS[C@H]12)c1cscn1,6,Probes & drugs
C(=C(c1ccccc1)c1ccccc1)c1ccccc1,6,Probes & drugs
c1c[nH]cn1,6,Probes & drugs
O=C(Oc1ccccc1)c1ccccc1,6,Probes & drugs
C1=CCCCC1,6,Probes & drugs
O=C1C2=CC3C(=O)C=CC[C@@H]3C[C@@H]2Cc2ccccc21,6,Probes & drugs
C1=C2c3cccc4[nH]cc(c34)C[C@H]2NCC1,6,Probes & drugs
c1ccc(CC2CCCCC2)cc1,6,Probes & drugs
c1ccc(CCNCCc2ccccc2)cc1,6,Probes & drugs
c1ccc(Oc2ccccc2)cc1,6,Probes & drugs
O=S1(=O)NCNc2ccccc21,5,Probes & drugs
c1ccncc1,5,Probes & drugs
O=C1CCCC1,5,Probes & drugs
O=C1c2ccccc2C(=O)C1c1ccccc1,5,Probes & drugs
c1ccc2c(c1)CCc1ccccc1N2,5,Probes & drugs
C1=C2CCCCC2[C@H]2CCC3CCC[C@H]3[C@@H]2C1,5,Probes & drugs
c1ccc(C2CC2)cc1,5,Probes & drugs
O=C1CCC2[C@@H](CC[C@H]3[C@@H]4CCCC4CC[C@H]23)C1,5,Probes & drugs
c1ccc2c(c1)Sc1ccccc1N2CCCN1CCCCC1,5,Probes & drugs
c1ccc(CCCNCCc2ccccc2)cc1,5,Probes & drugs
O=c1cc[nH]n1-c1ccccc1,5,Probes & drugs
c1ccc2[nH]ccc2c1,5,Probes & drugs
C1=C[C@H]2[C@H]3Cc4cccc5c4[C@@]2(CCN3)[C@H](C1)O5,5,Probes & drugs
c1ccc(C[SH+]c2nc3ccccc3[nH]2)nc1,5,Probes & drugs
O=C1NC(=O)C(c2ccccc2)C(=O)N1,4,Probes & drugs
c1ccc2c(c1)CCCO2,4,Probes & drugs
O=C(Cc1ccccc1)N[C@@H]1C(=O)N2C=C(CSc3nnn[nH]3)CS[C@H]12,4,Probes & drugs
O=c1ccn(C2CC2)c2cc(N3CCNCC3)ccc12,4,Probes & drugs
O=S(=O)(Nc1ncccn1)c1ccccc1,4,Probes & drugs
C(CCN1CCNCC1)=C1c2ccccc2Sc2ccccc21,4,Probes & drugs
C1CCNC1,4,Probes & drugs
O=C(NCC1CCCN1)c1ccccc1,4,Probes & drugs
O=C1C=C2CC[C@@H]3C(=C2CC1)CCC1CCC[C@H]13,4,Probes & drugs
c1ccc2nc3ccccc3cc2c1,4,Probes & drugs
c1ccc(C(c2ccccc2)N2CCNCC2)cc1,4,Probes & drugs
c1ccc(C2=NCc3nncn3-c3ccccc32)cc1,4,Probes & drugs
O=C(CCCN1CCC(c2ccccc2)CC1)c1ccccc1,4,Probes & drugs
O=C1C=CC2C(=C1)CC[C@@H]1C2CCC2C3OCO[C@@H]3C[C@H]21,4,Probes & drugs
O=C(CNCCCc1ccccc1)N1CCCC1,3,Probes & drugs
c1ccc(Sc2ccccc2)cc1,3,Probes & drugs
C(=C/c1ccccc1)\c1ccccc1,3,Probes & drugs
O=C(Nc1nccs1)c1ccccc1,3,Probes & drugs
c1cc[nH+]cc1,3,Probes & drugs
O=C(CNCCCc1ccccc1)N1CCc2ccccc2C1,3,Probes & drugs
C1=C2CC[C@@H]3[C@H](CCC4CCC[C@H]43)[C@H]2CCC1,3,Probes & drugs
C1CC[C@@H](O[C@@H]2CCC[C@H](O[C@@H]3CCCCO3)C2)OC1,3,Probes & drugs
c1cc2c3c(c[nH]c3c1)C[C@H]1NCCC[C@H]21,3,Probes & drugs
O=c1oc2ccccc2cc1Cc1ccccc1,3,Probes & drugs
O=C1C=C2C=C[C@H]3[C@@H]4CCCC4CC[C@@H]3C2CC1,3,Probes & drugs
O=C(c1ccccc1)c1coc2ccccc12,3,Probes & drugs
C(=C/C1CCCC1)\CCOc1ccccc1,3,Probes & drugs
O=C(Cc1ccccc1)O[C@H]1C[C@H]2CC[C@@H](C1)N2,3,Probes & drugs
c1ccc(C2CCCC2)cc1,3,Probes & drugs
c1ccc(-c2c[nH]c3ccccc23)cc1,3,Probes & drugs
C=C1C[C@H]2CCC[C@H]2C1,3,Probes & drugs
O=C(NC1OC2[C@@H]3CCCN3C(=O)CN2C1=O)[C@H]1CN[C@@H]2Cc3c[nH]c4cccc(c34)[C@H]2C1,3,Probes & drugs
O=C(Nc1ccc(C(=O)N2CCCCc3ccccc32)cc1)c1ccccc1,3,Probes & drugs
O=C1CCCN1,3,Probes & drugs
c1ccc(COC(Cn2ccnc2)c2ccccc2)cc1,3,Probes & drugs
O=C(C[PH](=O)CCCCc1ccccc1)N1CC[C@@H](C2CCCCC2)C1,3,Probes & drugs
c1ccc(CCc2ccccc2)cc1,3,Probes & drugs
C1C2CC3CC1CC(C2)C3,3,Probes & drugs
O=C(CCN1CCCCC1)c1ccccc1,3,Probes & drugs
O=C(c1ccccc1)c1cccs1,3,Probes & drugs
O=C1C=CC2C(=C1)CC[C@@H]1[C@@H]2CCC2C3OCO[C@@H]3C[C@H]21,3,Probes & drugs
c1cc2c3c(c1)O[C@H]1C4CCC5(CC4)[C@@H](C2)N(CC2CC2)CC[C@]315,3,Probes & drugs
O=C(O[C@H]1CC[C@H]2C[C@@H]3c4[nH]c5ccccc5c4CCN3C[C@H]2C1)c1ccccc1,3,Probes & drugs
O=C1C=C2CC[C@@H]3C(=C2CC1)[C@@H](c1ccccc1)CC1CCC[C@H]13,3,Probes & drugs
O=S(=O)(Nc1nccs1)c1ccccc1,3,Probes & drugs
O=C(OCc1cccc(Oc2ccccc2)c1)C1CC1,3,Probes & drugs
O=C1C=C2C(CCC3CCCC[C@@H]23)C2CC[C@H]3CCCCC3[C@@H]12,3,Probes & drugs
O=C(NC[C@@H]1CCCN1)c1ccccc1,3,Probes & drugs
O=C1CC(=O)N(c2ccccc2)N1c1ccccc1,3,Probes & drugs
O=C(OC1CCCCC1)c1ccccc1,3,Probes & drugs
C=C1c2ccccc2CCc2ccccc21,3,Probes & drugs
C1C[C@H]2OCC[C@H]2O1,3,Probes & drugs
c1ccc(CN2CCN(C(c3ccccc3)c3ccccc3)CC2)cc1,3,Probes & drugs
c1ccc2scnc2c1,3,Probes & drugs
c1ccoc1,3,Probes & drugs
N=C1C=C2CC[C@@H]3[C@H](CCC4CCC[C@H]43)[C@H]2CC1,3,Probes & drugs
c1ccc(-c2conc2-c2ccccc2)cc1,3,Probes & drugs
O=C1C=C2CC[C@@H]3C(CCC4CCC[C@H]43)C2CC1,3,Probes & drugs
O=C(Cc1ccccc1)N[C@@H]1C(=O)N2C=CCS[C@H]12,3,Probes & drugs
C1CCOCC1,3,Probes & drugs
c1ccc(CCNCCOc2ccccc2)cc1,3,Probes & drugs
c1ccc(CCCCNCCc2ccccc2)cc1,3,Probes & drugs
c1ccc2c(c1)Sc1ccccc1N2CCC1CCCCN1,3,Probes & drugs
O=c1ccn(-c2ccccc2)c2cc(N3CCNCC3)ccc12,2,Probes & drugs
c1ccc2c(c1)C[C@H]1NCC[C@@]23CCCC[C@@H]13,2,Probes & drugs
O=C1NC(=O)C(c2ccccc2)N1,2,Probes & drugs
c1ccc(CNc2ccccn2)cc1,2,Probes & drugs
c1ccc(Cn2ncc3ccccc32)cc1,2,Probes & drugs
O=c1nc2[nH]c3ccccc3nc-2c(=O)[nH]1,2,Probes & drugs
O=C1CC[C@H]2[C@H]3Cc4cccc5c4[C@@]2(CCN3)[C@H]1O5,2,Probes & drugs
c1ccc(-c2cn3ccccc3n2)cc1,2,Probes & drugs
O=c1ccn(-c2ccccc2)c2nc(N3C[C@H]4C[C@H]4C3)ccc12,2,Probes & drugs
O=C1CCC2[C@H]3Cc4cccc5c4[C@@]2(CC[NH+]3CC2CC2)[C@H]1O5,2,Probes & drugs
O=C1CC(=O)NC(=S)N1,2,Probes & drugs
C1CNCCN1,2,Probes & drugs
O=C1Cc2cc3n(c(=O)c2CO1)Cc1cc2ccccc2nc1-3,2,Probes & drugs
c1ccc(Nc2ccccn2)cc1,2,Probes & drugs
c1ccc(CCCCN2CCC(C(c3ccccc3)c3ccccc3)CC2)cc1,2,Probes & drugs
C=C1c2ccccc2CSc2ccccc21,2,Probes & drugs
O=C(Cc1ccccc1)OC1C[C@H]2CC[C@@H](C1)N2,2,Probes & drugs
c1ccc(/N=N/c2ccccc2)cc1,2,Probes & drugs
C(=C/c1cccs1)\C1=NCCCN1,2,Probes & drugs
O=C1c2ccccc2C(=O)c2ccccc21,2,Probes & drugs
O=C(OCc1ccccc1)c1ccccc1,2,Probes & drugs
c1ccc2c(c1)Cc1ccccc1O2,2,Probes & drugs
O=C1NC(=O)C(c2ccccc2)(c2ccccc2)N1,2,Probes & drugs
O=C1CCCCC1c1ccccc1,2,Probes & drugs
O=C(CNCCCc1ccccc1)N1CCNC1=O,2,Probes & drugs
c1ccc(-c2nc3ccccc3s2)cc1,2,Probes & drugs
c1ccc(Cc2cccc([C@H]3CCCCO3)c2)cc1,2,Probes & drugs
c1ccc(Nc2ccnc3ccccc23)cc1,2,Probes & drugs
O=C(N[C@H]1C[C@@H](c2ccccc2)CNC1=O)c1cnc2c(c1)C[C@@]1(C2)C(=O)Nc2ncccc21,2,Probes & drugs
c1ccc2c(c1)C[C@@H]1NCC[C@]23CCCC[C@H]13,2,Probes & drugs
O=C1C=CC(=O)c2ccccc21,2,Probes & drugs
C1CCN([C@@H]2CC[C@@H]3CC[C@H]4[C@@H]5C[C@H]([NH+]6CCCCC6)CC5CC[C@@H]4C3C2)CC1,2,Probes & drugs
O=c1nc[nH]c2[nH]cc(CCc3ccccc3)c12,2,Probes & drugs
O=C(NC1OC2[C@@H]3CCCN3C(=O)CN2C1=O)[C@@H]1C=C2c3cccc4[nH]cc(c34)C[C@H]2NC1,2,Probes & drugs
O=S1(=O)NC(Cc2ccccc2)Nc2ccccc21,2,Probes & drugs
C=C1c2ccccc2COc2ccccc21,2,Probes & drugs
c1ccc(CC2CCCCN2)cc1,2,Probes & drugs
O=C1C=C([C@H]2CCC3C2CC[C@@H]2C4CC[C@H](O[C@H]5CCCCO5)CC4CC[C@@H]32)CO1,2,Probes & drugs
c1ccc(O[C@H]2CCCCO2)cc1,2,Probes & drugs
C(=Cc1ccccc1)c1ccccc1,2,Probes & drugs
O=C(OC1C[NH+]2CCC1CC2)C(c1ccccc1)c1ccccc1,2,Probes & drugs
O=C1CCC(c2ccccc2)C(=O)N1,2,Probes & drugs
O=S(=O)(Nc1nncs1)c1ccccc1,2,Probes & drugs
O=c1ncccn1[C@H]1CCCO1,2,Probes & drugs
c1ccc(C2=NCc3nncn3-c3sccc32)cc1,2,Probes & drugs
c1ccc([C@@H]2CCCc3ccccc32)cc1,2,Probes & drugs
O=C1C[C@H]2CC(S[C@H]3CCNC3)=CN12,2,Probes & drugs
O=c1cccc2c(c1)CCCc1ccccc1-2,2,Probes & drugs
O=C(Nc1ccccc1)C1CCCCN1,2,Probes & drugs
O=C1CC(c2ccccc2)C(=O)N1,2,Probes & drugs
c1ccc2c(c1)N=C(N1CCNCC1)c1ccccc1S2,2,Probes & drugs
O=S(=O)(c1cccnc1)N(Cc1ccc(-n2cccn2)cc1)Cc1ccccn1,2,Probes & drugs
c1ccc(Cc2nccc3ccccc23)cc1,2,Probes & drugs
O=C1CCC(N2C(=O)c3ccccc3C2=O)C(=O)N1,2,Probes & drugs
N=C1S/C(=C\c2ccccc2)C(=O)N1c1ccccc1,2,Probes & drugs
c1ccc(CCCCCC2CCCC2)cc1,2,Probes & drugs
O=C1C=C2CC[C@H]3[C@@H]4CCCC4CC(=O)[C@@H]3C2CC1,2,Probes & drugs
O=C(CNCCCc1ccccc1)N1CC[C@@H]2CCC[C@@H]21,2,Probes & drugs
c1ccc2c(c1)OCO2,2,Probes & drugs
O=C(Cc1ccccc1)OC1CC2CCC(C1)[NH2+]2,2,Probes & drugs
O=C1C=C2CC[C@@H]3C(=C2CC1)C=CC1CCC[C@H]13,2,Probes & drugs
O=C(NCc1ccc(-n2cccn2)nc1)C1CCC(c2nccc(Nc3cc[nH]n3)n2)CC1,2,Probes & drugs
c1ccc(OCCCOc2ccccc2)cc1,2,Probes & drugs
O=C(CNCCCc1ccccc1)N1CC[C@H]2CCCC[C@@H]21,2,Probes & drugs
c1cn([C@H]2CCCO2)cn1,2,Probes & drugs
O=C1CCC2=C(CC[C@@H]3[C@@H]2CCC2CCC[C@H]23)C1,2,Probes & drugs
C(/C=C1\CCCC2CCC[C@@H]12)=C1CCCCC1,2,Probes & drugs
c1ccc(-c2ccnn2-c2ccccc2)cc1,2,Probes & drugs
O=c1cc(N2CCCCC2)n(Cc2ccccc2)c(=O)[nH]1,2,Probes & drugs
O=c1c(CCN2CCC(c3noc4ccccc34)CC2)cnc2n1CCCC2,2,Probes & drugs
O=C1C=CC2C(=C1)CC[C@@H]1C2C(=O)CC2CCC[C@H]21,2,Probes & drugs
c1ccc(Nc2nccc(-c3c[nH]c4ccccc34)n2)cc1,2,Probes & drugs
c1nc(N[C@@H]2CCCNC2)c2cc[nH]c2n1,2,Probes & drugs
C1CCC(C2CCCCC2)CC1,2,Probes & drugs
c1ccc(C2OCc3ccccc32)cc1,2,Probes & drugs
C1CCCC1,2,Probes & drugs
O=c1ccc(-c2ccncc2)c[nH]1,2,Probes & drugs
O=C(OC[n+]1ccccc1)N1CCCC[C@@H]1Cc1ccccc1,2,Probes & drugs
N=C(C(=O)N[C@@H]1C(=O)N2C=C(C[NH+]3CCCC3)CS[C@H]12)c1cscn1,2,Probes & drugs
O=S(=O)(c1ccccc1)c1ccccc1,2,Probes & drugs
N=C(C(=O)N[C@@H]1C(=O)N2C=CCS[C@H]12)c1ccco1,2,Probes & drugs
O=S(=O)(Nc1cccnn1)c1ccccc1,2,Probes & drugs
O=c1oc2ccccc2cc1Cc1cc2ccccc2oc1=O,2,Probes & drugs
O=C(Nc1ccccn1)C1=Cc2ccccc2S(=O)(=O)N1,2,Probes & drugs
c1ccc(COc2ccccc2)cc1,2,Probes & drugs
c1ccc2[nH]cnc2c1,2,Probes & drugs
c1ccc(-c2nc3ccccc3o2)cc1,2,Probes & drugs
N=c1[nH]ncs1,2,Probes & drugs
O=[PH]1NCCCO1,2,Probes & drugs
O=C(Nc1ccccn1)C1=Cc2sccc2S(=O)(=O)N1,2,Probes & drugs
C1=C2CCCCC2[C@H]2CCC3C(c4cccnc4)=CC[C@H]3[C@@H]2C1,2,Probes & drugs
O=C1CCC2[C@H]3Cc4cccc5c4[C@@]2(CCN3)[C@H]1O5,2,Probes & drugs
O=C(NCc1ccccc1)c1ccccc1,2,Probes & drugs
O=C1CC[C@@H]2C1CC[C@@H]1C3CCCCC3=CC[C@@H]21,2,Probes & drugs
O=C1CN2CCOC2(c2ccccc2)c2ccccc2N1,2,Probes & drugs
c1ccc(CNC2CCCCC2)cc1,2,Probes & drugs
C1=Cc2cc3ccc(cc4nc(cc5ccc(cc1n2)[nH]5)C=C4)[nH]3,2,Probes & drugs
C1CCNCC1,2,Probes & drugs
O=C(Cc1ccccc1)O[C@H]1C[C@H]2CC[C@@H](C1)[NH2+]2,2,Probes & drugs
c1ccc(Cn2nc(-c3ncccn3)c3cccnc32)cc1,2,Probes & drugs
O=c1c2ccccc2sc2ccccc12,2,Probes & drugs
O=C(Nc1ccccc1)[C@@H]1CCCCN1,2,Probes & drugs
c1ccc2c(c1)[nH]c1ccccc12,2,Probes & drugs
O=C1OC[C@H]2[C@H]1[C@H](c1ccccc1)c1cc3c(cc1[C@H]2O[C@H]1CC[C@@H]2OCOC[C@H]2O1)OCO3,2,Probes & drugs
c1ccc2c(c1)CCc1ccccc1C2,2,Probes & drugs
O=c1[nH]cnc2[nH]cnc12,2,Probes & drugs
O=C(NC1CCN(CCCOc2ccccc2)CC1)c1ccccc1,2,Probes & drugs
c1ccc(CNc2ncccn2)cc1,2,Probes & drugs
c1ccc2c(c1)CCN1CCCC[C@H]21,2,Probes & drugs
O=C1CC[C@@H]2C1CC[C@@H]1c3ccccc3CC[C@H]12,2,Probes & drugs
N=c1cc2n(-c3ccccc3)c3ccccc3nc-2cc1Nc1ccccc1,2,Probes & drugs
c1ccc(N2CCN(CCC3CCCCC3)CC2)cc1,2,Probes & drugs
O=S1(=O)NC=Nc2ccccc21,2,Probes & drugs
O=C(Cc1ccccc1)Nc1cnc(N2CC[NH2+]CC2)cc1-c1ccccc1,2,Probes & drugs
c1ccc(NC2=NCCN2)cc1,2,Probes & drugs
S=C(c1ccccc1)N1CCOCC1,2,Probes & drugs
O=S(=O)(Nc1ccncn1)c1ccccc1,2,Probes & drugs
c1ccc(C2CCNCC2)cc1,2,Probes & drugs
c1ccc(C2CCCCC2)cc1,2,Probes & drugs
C1CC[C@@H]2CC[C@H]3[C@@H]4CCCC4CC[C@@H]3C2C1,2,Probes & drugs
O=c1ccc2ccccc2[nH]1,2,Probes & drugs
C(=C1c2ccccc2-c2ccccc21)c1ccccc1,2,Probes & drugs
O=C1CN(CCN2CC(=O)NC(=O)C2)CC(=O)N1,2,Probes & drugs
O=C(N[C@@H]1C(=O)N2CCS[C@H]12)c1conc1-c1ccccc1,2,Probes & drugs
O=C1C=C2C=C[C@@H]3[C@H](CCC4CCC[C@H]43)[C@H]2CC1,2,Probes & drugs
c1ccc(OCC2=NCCN2)cc1,2,Probes & drugs
C1=C[C@H](N[C@H]2CC[C@@H](O[C@H]3CC[C@@H](O[C@H]4CCCOC4)OC3)OC2)CCC1,2,Probes & drugs
c1ccc(CCN2CCC(Nc3ccccc3)CC2)cc1,2,Probes & drugs
O=C(NCc1ccc[nH]c1=O)c1ccc2c(c1)OC(C1CCCCC1)O2,2,Probes & drugs
O=C(NC1OC2[C@@H]3CCCN3C(=O)[C@H](Cc3ccccc3)N2C1=O)[C@H]1CN[C@@H]2Cc3c[nH]c4cccc(c34)[C@H]2C1,2,Probes & drugs
c1nncs1,2,Probes & drugs
c1ccc(C2CCN(CCC(c3ccccc3)c3ccccc3)CC2)cc1,2,Probes & drugs
c1ccc(-c2ccc3ccccc3n2)cc1,2,Probes & drugs
[N+]=C1C=CC(=C(c2ccccc2)c2ccccc2)C=C1,2,Probes & drugs
c1ccc2c(c1)CCCC2,2,Probes & drugs
O=C(CNCCCc1ccccc1)N1CCC2(C1)SCCS2,2,Probes & drugs
C1=Cc2ccccc2/C1=C\c1ccccc1,2,Probes & drugs
O=c1[nH]nc(CN2CCO[C@H](OCc3ccccc3)[C@@H]2c2ccccc2)[nH]1,2,Probes & drugs
O=C(COc1ccccc1)N[C@@H]1C(=O)N2CCS[C@H]12,2,Probes & drugs
O=C(OC1CCNCC1)C(c1ccccc1)c1ccccc1,1,Probes & drugs
O=C1[C@@H](N2CN[C@H](c3ccccc3)C2=O)[C@H]2SCCN12,1,Probes & drugs
O=C(NCN1CCCC1)C1=CC[C@@H]2C[C@@H]3Cc4ccccc4C(=O)C3=CC2C1=O,1,Probes & drugs
O=C1CC[C@H]2COc3ccccc3[C@@H]2C1,1,Probes & drugs
O=C(NS(=O)(=O)c1ccccc1)c1ccccc1,1,Probes & drugs
O=C1NC(=O)C(Cc2ccc(OCC3CCc4ccccc4O3)cc2)S1,1,Probes & drugs
c1ccc2c(c1)CCCS2,1,Probes & drugs
c1ncc(NC2=NCCN2)cn1,1,Probes & drugs
O=C1CN=C(c2ccccc2)c2[nH]ncc2N1,1,Probes & drugs
O=c1[nH]c(-c2cccc(S(=O)(=O)N3CCNCC3)c2)nc2cc[nH]c12,1,Probes & drugs
O=C(CSc1ccncc1)N[C@@H]1C(=O)N2C=CCS[C@H]12,1,Probes & drugs
c1cncnc1,1,Probes & drugs
O=C1OC(OC(=O)c2cccnc2Nc2ccccc2)c2ccccc21,1,Probes & drugs
C=C(c1cccs1)c1cccs1,1,Probes & drugs
c1ccc(C(OCCN2CCCCC2)c2ccccc2)cc1,1,Probes & drugs
O=S(=O)(Nc1ccnn1-c1ccccc1)c1ccccc1,1,Probes & drugs
C(=C/c1ccccc1)\CN1CCN(C(c2ccccc2)c2ccccc2)CC1,1,Probes & drugs
C=C1SC(C(=O)NC2C(=O)N3C=C(CSc4nnn[nH]4)CS[C@H]23)S1,1,Probes & drugs
O=C(OCCCN1CCCN(CCCOC(=O)c2ccccc2)CC1)c1ccccc1,1,Probes & drugs
O=C(CC12CCCN1CCC2)Nc1ccccc1,1,Probes & drugs
c1ccc(C(c2ccccc2)C2CCNCC2)cc1,1,Probes & drugs
O=C(OC1CCC[NH2+]C1)C(c1ccccc1)c1ccccc1,1,Probes & drugs
C[N+](C)(C)CCCCCC[N+](C)(C)C,1,Probes & drugs
c1ccc(CN(CC2=NCCN2)c2ccccc2)cc1,1,Probes & drugs
O=C(OOC(=O)c1ccccc1)c1ccccc1,1,Probes & drugs
O=C1c2c([nH]c3ccccc23)CCN1Cc1c[nH]cn1,1,Probes & drugs
CC(C)=CCC/C(C)=C/C=C/C(C)=C/C=C/C(C)=C/C=C/C=C(C)/C=C/C=C(C)/C=C/C=C(\C)CCC=C(C)C,1,Probes & drugs
O=[N+]([O-])OCC(CO[N+](=O)[O-])O[N+](=O)[O-],1,Probes & drugs
C=C1c2ccccc2C(=O)C2=CC3C(=O)C=CC[C@@H]3C[C@H]12,1,Probes & drugs
O=C1[C@@H](NCCCc2ccccc2)CCCN2CCCCN12,1,Probes & drugs
c1cc(Nc2ncc3ccn(C4CCCC4)c3n2)ncc1N1CCNCC1,1,Probes & drugs
O=c1cc[nH]c2cc(N3CCNCC3)ccc12,1,Probes & drugs
O=C1Cc2cc(CCN3CCN(c4nsc5ccccc45)CC3)ccc2N1,1,Probes & drugs
O=c1ccn(C2CC2)c2cc(-c3cccnc3)ccc12,1,Probes & drugs
O=C(CCN1CCOCC1)N1c2ccccc2Sc2ccccc21,1,Probes & drugs
O=C(NC1CCCCC1)NS(=O)(=O)c1ccccc1,1,Probes & drugs
O=C(O)C(O)C(O)C(=O)O,1,Probes & drugs
O=C(NCc1ccc[nH]c1=O)c1cc(NC2CCOCC2)cc(-c2ccc(CN3CCOCC3)cc2)c1,1,Probes & drugs
N[C@@H](CCC(=O)O)C(=O)O,1,Probes & drugs
O=C(NCc1nc(-c2ccccc2)no1)C1=C[C@@H]2Oc3cccc4c3[C@@]23CCN(CC2CC2)[C@H](C4)C3C1,1,Probes & drugs
c1ccc(CCNCc2ccccc2)cc1,1,Probes & drugs
O=P(O)(O)OCC(Cl)(Cl)Cl,1,Probes & drugs
O=c1cc[nH]c(=S)[nH]1,1,Probes & drugs
O=C(OC1CN(C(c2ccccc2)c2ccccc2)C1)C1=CNC=CC1c1ccccc1,1,Probes & drugs
C=C(c1ccccc1)c1ccccc1,1,Probes & drugs
O=c1cnn([C@H]2CCCO2)c(=O)[nH]1,1,Probes & drugs
O=C1CCc2ccc(OCCCCN3CCN(c4ccccc4)CC3)cc2N1,1,Probes & drugs
O=c1ccn([C@H]2CC[C@@H](CO[PH](=O)Oc3ccccc3)O2)c(=O)[nH]1,1,Probes & drugs
N=C(C(=O)N[C@@H]1C(=O)N2C=C(CSc3nccs3)CS[C@H]12)c1cscn1,1,Probes & drugs
O=C(NCC(=O)N1C[C@@H]2C[C@@H]2[C@H]1C(=O)NCC(=O)C(=O)NC1CC1)NC1CCCCC1,1,Probes & drugs
O=C1CCC(c2ccccc2)=NN1,1,Probes & drugs
O=C(c1ccccc1)c1c[nH]c2ccccc12,1,Probes & drugs
c1cc(Cc2ccc(OCCOC3CC3)cc2)cc([C@H]2CCCCO2)c1,1,Probes & drugs
c1ccc(CCNCCC(c2ccccc2)c2ccccc2)cc1,1,Probes & drugs
c1cnc2cc(NC3=NCCN3)ccc2n1,1,Probes & drugs
c1ccc(CCN2CCC(c3ccccc3)CC2)cc1,1,Probes & drugs
c1ccc(Cn2c3c(c4ccccc42)CNCC3)cc1,1,Probes & drugs
O=C1C=C2CC[C@@H]3[C@H](CCC4C5OCO[C@@H]5C[C@H]43)C2CC1,1,Probes & drugs
O=C(CCNNC(=O)c1ccncc1)NCc1ccccc1,1,Probes & drugs
c1cc2cc(c1)Oc1ccc(cc1)C[C@@H]1NCCc3cc4c(c(c31)Oc1ccc3c(c1)[C@@H](C2)NCC3)OCO4,1,Probes & drugs
O=C(Nc1nccs1)C1=Cc2ccccc2S(=O)(=O)N1,1,Probes & drugs
O=c1[nH]c2ccccc2n1C1CCN(CCCC(c2ccccc2)c2ccccc2)CC1,1,Probes & drugs
O=C(Cc1ccccc1)Nc1ccccc1,1,Probes & drugs
O=c1cc(NCCCN2CCN(c3ccccc3)CC2)[nH]c(=O)[nH]1,1,Probes & drugs
CCCCC(CC)CNC(=N)NC(=N)NCCCCCCNC(=N)NC(=N)NCC(CC)CCCC,1,Probes & drugs
O=C(Nc1ccccc1)NC1CCCCC1,1,Probes & drugs
O=c1ccc2cc(O[C@H]3CCCCO3)ccc2o1,1,Probes & drugs
C1=CCN(c2ccccc2)C1,1,Probes & drugs
O=C(CCCN1CCC2C(C1)c1cccc3c1N2CCN3)c1ccccc1,1,Probes & drugs
O=[PH](COCCn1cnc2cncnc21)Oc1ccccc1,1,Probes & drugs
O=C(CNCCCN1c2ccccc2CCc2ccccc21)c1ccccc1,1,Probes & drugs
O=C(CCc1ccccc1)c1ccccc1,1,Probes & drugs
O=C(Cc1cccs1)NC1C(=O)N2C=CCS[C@H]12,1,Probes & drugs
O=C1Nc2ccccc2Nc2ccccc21,1,Probes & drugs
c1ccc(Oc2ccc3ccncc3c2)cc1,1,Probes & drugs
O=C1NCC(CCN2CCOCC2)C1(c1ccccc1)c1ccccc1,1,Probes & drugs
O=c1ccoc2cc3occc3cc12,1,Probes & drugs
c1ccc(CO/N=C(\Cn2ccnc2)c2ccccc2)cc1,1,Probes & drugs
O=C1c2ccccc2NCN1c1ccccc1,1,Probes & drugs
c1ccc(CNc2ccccc2)cc1,1,Probes & drugs
O=C(N[C@H](C(=O)NCc1ccccc1)c1ccccc1)c1cc2cc(NC(=O)c3ccccc3-c3ccccc3)ccc2[nH]1,1,Probes & drugs
N=C(C(=O)N[C@@H]1C(=O)N2C=C(/C=C3\CCN([C@@H]4CCNC4)C3=O)CS[C@H]12)c1ncsn1,1,Probes & drugs
c1ccc(C[C@@H]2NCCc3ccccc32)cc1,1,Probes & drugs
O=C(Cn1ccnc1)NCc1ccccc1,1,Probes & drugs
O=C(N1CCCC1)C(CCN1CCOCC1)(c1ccccc1)c1ccccc1,1,Probes & drugs
CCCCCCCCCCCCCCCC(=O)NCCO,1,Probes & drugs
O=C1OC(CN2CCOCC2)CN1/N=C/c1ccco1,1,Probes & drugs
O=c1[nH]c(=O)c2cn[nH]c2[nH]1,1,Probes & drugs
O=S1(=O)NC(CSCc2ccccc2)=Nc2ccccc21,1,Probes & drugs
c1ccc([C@@H]2COc3ccccc3[C@H]2c2ccc(OCCN3CCCC3)cc2)cc1,1,Probes & drugs
O=C(NC[C@H]1CN[C@@H]2Cc3c[nH]c4cccc(c34)[C@H]2C1)OCc1ccccc1,1,Probes & drugs
O=C1C=C2C(CC1)[C@H]1CCC3[C@@H]([C@@H]4C[C@@H]4[C@@]34CCC(=O)O4)[C@@H]1[C@H]1C[C@@H]21,1,Probes & drugs
O=C(OCCOc1cccc2[nH]ccc12)c1ccccc1,1,Probes & drugs
c1ccc(C(=C2CCCCC2)c2ccccc2)cc1,1,Probes & drugs
O=c1ccn2c3c(c(N4CCNCC4)ccc13)SCC2,1,Probes & drugs
O=C(c1ccccc1)c1ccccc1NCCc1ccc(OCCn2c3ccccc3c3ccccc32)cc1,1,Probes & drugs
C1=C[C@H]2C[C@H]3c4[nH]c5ccccc5c4CCN3C[C@@H]2CO1,1,Probes & drugs
C1CC[C@H](O[C@H]2CCOC2)OC1,1,Probes & drugs
O=c1cc(-c2ccccc2)nc[nH]1,1,Probes & drugs
O=C(Cc1ccccc1)NCc1ccncc1,1,Probes & drugs
c1ccc2c(c1)C1CCC2c2ccccc21,1,Probes & drugs
O=C1CN=C(c2ccccn2)c2ccccc2N1,1,Probes & drugs
O=c1c2ccccc2nc(CNc2ncnc3[nH]cnc23)n1-c1ccccc1,1,Probes & drugs
c1ccc(CNCCOc2ccccc2)cc1,1,Probes & drugs
c1cc(N2CCC(N3CCNCC3)CC2)ccc1Nc1cncc(NC2CCOCC2)n1,1,Probes & drugs
c1ccc(CC2CCCC2)cc1,1,Probes & drugs
O=C1C[C@@H](c2ccccc2)Oc2ccccc21,1,Probes & drugs
C(=Nc1ccccc1)Nc1ccccc1,1,Probes & drugs
c1ccc2c(c1)-c1ccccc1C2[NH2+]CCCCCC[NH2+]C1c2ccccc2-c2ccccc21,1,Probes & drugs
C1=C2CCCCC2[C@H]2CCC3CCC[C@H]3C2=C1,1,Probes & drugs
O=C(OCCCN1CCCCC1)c1ccc(OC2CCCCC2)cc1,1,Probes & drugs
O=C(CNCCCc1ccccc1)NC1Cc2ccccc2C1,1,Probes & drugs
O=[N+]([O-])C(Br)(CO)CO,1,Probes & drugs
c1ccc2c(c1)Cc1ccccc1-2,1,Probes & drugs
C1=C2CC[C@H]3[C@@H]4CCCC4CC[C@@H]3C2Cc2cnoc21,1,Probes & drugs
O=C(NCC1CN(Cc2ccccc2)CCO1)c1ccccc1,1,Probes & drugs
c1ccc(Oc2ccccc2N2CCCC2)cc1,1,Probes & drugs
O=C(Nc1ccccc1)c1c[nH]c(-c2ccccc2)c1-c1ccccc1,1,Probes & drugs
O=C1CC[C@@](c2ccccc2)(C2CCN(Cc3ccccc3)CC2)C(=O)N1,1,Probes & drugs
c1ccc(OCCCCC2CCNCC2)cc1,1,Probes & drugs
O=C(OCc1coc(=O)o1)c1cccc2ncn(Cc3ccc(-c4ccccc4-c4nc(=O)o[nH]4)cc3)c12,1,Probes & drugs
O=C1NCCN(C(=O)N[C@@H](C(=O)N[C@@H]2C(=O)N3C=C(CSc4nnn[nH]4)CS[C@H]23)c2ccccc2)C1=O,1,Probes & drugs
O=C1CN(c2ccccc2)C(=S)N1c1ccccc1,1,Probes & drugs
C=C1C[C@@H]2CCC[C@@H]2O1,1,Probes & drugs
CC/C=C\C/C=C\C/C=C\C/C=C\C/C=C\CCCC(=O)O,1,Probes & drugs
O=C(O[C@@H]1C[C@@H]2C[C@H]3C[C@H](C1)N2CC3=O)c1c[nH]c2ccccc12,1,Probes & drugs
O=C1C=CC2C(=O)C3=Cc4ccccc4C[C@H]3C[C@H]2C1,1,Probes & drugs
c1ccc2c3c([nH]c2c1)CCCCCC3,1,Probes & drugs
O=C(CCCc1ccccc1)N1C[C@H]2CCCC[C@H]2C1,1,Probes & drugs
O=C(c1ccccc1-n1nccn1)N1CCCC1c1nc2ccccc2[nH]1,1,Probes & drugs
O=C1/C(=C/N2CCNCC2)N=C2CN=C(c3ccccc3)c3ccccc3N12,1,Probes & drugs
C1CC2CCC(C1)[NH2+]2,1,Probes & drugs
N=C(N/N=C/c1ccccc1)N/N=C/c1ccccc1,1,Probes & drugs
c1ccc2c(CCCC3CCCO3)cccc2c1,1,Probes & drugs
C[C@H](N)C(=O)N[C@@H](CCC(N)=O)C(=O)O,1,Probes & drugs
c1ccc(N2CCN(CCc3nnc4n3CCCC4)CC2)cc1,1,Probes & drugs
O=C(Nc1ccccc1CCC1CCCCN1)c1ccccc1,1,Probes & drugs
c1ccsc1,1,Probes & drugs
O=C(Cc1ccccc1)N[C@@H]1C(=O)N2C=CCC[C@H]12,1,Probes & drugs
O=C1NC(c2ccccc2)c2ccccc21,1,Probes & drugs
c1ccc(N2CCN(CCCOc3cccc4ccccc34)CC2)cc1,1,Probes & drugs
O=C1Nc2cccnc2N(C(=O)CN2CCNCC2)c2ccccc21,1,Probes & drugs
O=C(C1CCCCC1)N1CC(=O)N2CCc3ccccc3C2C1,1,Probes & drugs
O=C(Cc1ccsc1)NC1C(=O)N2CCS[C@H]12,1,Probes & drugs
O=C1C[C@H]2CCC1C2,1,Probes & drugs
O=C(NCCc1ccc(-n2cnc3cnccc32)cc1)NS(=O)(=O)c1ccccc1,1,Probes & drugs
c1ccc2c(c1)N=C(N1CCNCC1)c1ccccc1O2,1,Probes & drugs
c1ccc(CCNCCCc2ccc3c(c2)OCO3)cc1,1,Probes & drugs
O=C1NC(=O)C(C2=CCCCC2)C(=O)N1,1,Probes & drugs
O=C1CCC2[C@H]3Cc4ccccc4[C@@]2(CCN3CC2CC2)C1,1,Probes & drugs
c1ccc(OCc2ccc(CCCN3CCOCC3)cc2)cc1,1,Probes & drugs
O=C1[C@@H]2[C@H]3CC[C@H](C3)[C@@H]2C(=O)N1CCCCN1CCN(c2ncccn2)CC1,1,Probes & drugs
O=c1cc[nH]c2cc(-c3ccncc3)ccc12,1,Probes & drugs
O=C(OC1CCCNC1)C(c1ccccc1)c1ccccc1,1,Probes & drugs
c1cc2c(c(NC3=NCCN3)c1)CCCC2,1,Probes & drugs
O=C(N/N=C/c1ccco1)c1ccccc1,1,Probes & drugs
O=C1CC(=O)N(c2ccccc2)c2ccccc2N1,1,Probes & drugs
C=C1CC2CCC[C@H]2[C@@H]2CCC3=CC(=O)CC[C@@H]3[C@@H]12,1,Probes & drugs
O=C(Cc1ccccc1)N[C@@H]1C(=O)N2C=C(C[n+]3ccccc3)CS[C@H]12,1,Probes & drugs
c1ccc(C[C@H]2CCCCN2)cc1,1,Probes & drugs
c1ccc2occc2c1,1,Probes & drugs
O=S(=O)(Nc1ccccc1)c1ccccc1,1,Probes & drugs
N=C1CCN(c2ccc3c(=O)ccn(C4CC4)c3n2)C1,1,Probes & drugs
c1ccc2c(c1)C[C@@H]1CCCCCC2C1,1,Probes & drugs
O=c1ccn(C2CC2)c2cc(N3C[C@@H]4NCCO[C@H]4C3)ccc12,1,Probes & drugs
c1ccc(-c2nc(-c3ccc[nH+]c3)no2)cc1,1,Probes & drugs
c1ccc2c(c1)CCCC2C1=NCCN1,1,Probes & drugs
c1ccc(C2OCCNCc3ccccc32)cc1,1,Probes & drugs
O=C1C=C2CC[C@H]3[C@@H]4CC[C@@]5(CCC(=O)O5)C4C[C@H]4O[C@]43C2CC1,1,Probes & drugs
C1=Cc2ccccc2N(CCCN2CCNCC2)c2ccccc21,1,Probes & drugs
c1ccc(CCCNCCCc2ccccc2)cc1,1,Probes & drugs
O=C(NC1CCCNC1)c1ccccc1,1,Probes & drugs
CCCCC(CC)CCC(CC(C)C)OS(=O)(=O)O,1,Probes & drugs
O=S(=O)(N[C@@H]1C[C@@H]2CC[C@H]1C2)c1ccccc1,1,Probes & drugs
c1ccc(Nc2ccnc(Nc3ccccc3)n2)cc1,1,Probes & drugs
O=C(c1ccccc1)C1CCN(CCn2c(=O)[nH]c3ccccc3c2=O)CC1,1,Probes & drugs
O=C(Cc1ccccc1)OC1CCNCC1,1,Probes & drugs
O=C1c2ccccc2CC1CC1CCN(Cc2ccccc2)CC1,1,Probes & drugs
N=C(C(=O)N[C@@H]1C(=O)N2C=C(C[n+]3ccc[nH]3)CS[C@H]12)c1ncsn1,1,Probes & drugs
c1ccc(CCCN2CCC(c3ccccc3)CC2)cc1,1,Probes & drugs
CC(C[N+](C)(C)C)OC(N)=O,1,Probes & drugs
CCCCCCCCCCCCCCCCOP(=O)([O-])OCC[N+](C)(C)C,1,Probes & drugs
c1ccc(CCC(Cn2ccnc2)Sc2ccccc2)cc1,1,Probes & drugs
C[N+](C)(C)NCCC(=O)[O-],1,Probes & drugs
O=C1c2ccccc2C(=O)C1C(=O)C(c1ccccc1)c1ccccc1,1,Probes & drugs
O=C(O[C@@H]1C[C@H]2CC[C@@H](C1)N2)c1ccccc1,1,Probes & drugs
O=C(NCCCNc1ncc2ccccc2n1)C1CCCO1,1,Probes & drugs
O=C(CN1CCCC1)c1ccccc1,1,Probes & drugs
c1nc(N2CC[C@@]3(CCN3)C2)c2cc[nH]c2n1,1,Probes & drugs
O=C(Nc1ccccc1)OCC(CN1CCCCC1)OC(=O)Nc1ccccc1,1,Probes & drugs
c1ccc(-c2ccccc2-c2nn[nH]n2)cc1,1,Probes & drugs
CCCCCC[C@@H](O)C/C=C\CCCCCCCC(=O)O,1,Probes & drugs
c1ccc2c(c1)Cc1cccnc1N1CCNCC21,1,Probes & drugs
c1ccc(C(c2ccccc2)N2CCCNCC2)cc1,1,Probes & drugs
O=C(OCCc1ccccc1)c1ccccc1,1,Probes & drugs
c1ccc(Cn2cnc3ccccc32)cc1,1,Probes & drugs
C=C(C(=O)N[C@@H]1C(=O)N2C=CCS[C@H]12)c1cscn1,1,Probes & drugs
C1=C[C@]23CCC1C1Oc4cccc5c4[C@@]12CCN[C@@H]3C5,1,Probes & drugs
c1cc[n+](Cc2cncnc2)cc1,1,Probes & drugs
c1ccc2c(c1)Sc1ccccc1C2=C1CCNCC1,1,Probes & drugs
c1ncn([C@H]2CCCO2)n1,1,Probes & drugs
c1ccc(Cc2cccc([C@H]3CCCCS3)c2)cc1,1,Probes & drugs
O=C(CNC12CC3CC(CC(C3)C1)C2)N1CCCC1,1,Probes & drugs
O=C1CC2CCC[C@H]2[C@@H]2CC[C@H]3CCCCC3[C@@H]12,1,Probes & drugs
O=C1CCCC1Cc1ccccc1,1,Probes & drugs
O=c1ccoc2ccccc12,1,Probes & drugs
c1ccc(Cc2nc3ccccc3[nH]2)cc1,1,Probes & drugs
c1ccc(C2(c3ccccc3)CCNCC2)cc1,1,Probes & drugs
N=C(Nc1ccccc1)Nc1ccccc1,1,Probes & drugs
O=c1c2ccccc2[nH]c2ccccc12,1,Probes & drugs
c1ccc(NCc2cccs2)nc1,1,Probes & drugs
O=C1c2ccccc2CN1c1ccccc1,1,Probes & drugs
c1ccc(-c2ccn(-c3ccnc(Nc4ccc(N5CCOCC5)cc4)n3)n2)cc1,1,Probes & drugs
O=C(NCCN1CCOCC1)c1ccccc1,1,Probes & drugs
O=C(NCc1cccnc1)c1cccc(C(=O)NCc2cccnc2)c1,1,Probes & drugs
O=S1(=O)CCCCN1c1ccccc1,1,Probes & drugs
C1=CC2CC1CC2C(CCN1CCCCC1)c1ccccc1,1,Probes & drugs
O=C(Cc1cccnc1)c1cccnc1,1,Probes & drugs
O=c1ccn2c3c(cccc13)CCC2,1,Probes & drugs
c1ccc(CCN2CCC3CC2Cc2ccccc23)cc1,1,Probes & drugs
O=C(Cc1ccccc1)OC1CCCCC1,1,Probes & drugs
O=c1ccn(-c2ccccc2)c2nc(N3CCCC3)ccc12,1,Probes & drugs
O=C1C=C2CC[C@H]3[C@@H]4CCC(=O)C4CC[C@@H]3C2CC1,1,Probes & drugs
CC(=O)OC(C)C[N+](C)(C)C,1,Probes & drugs
c1ccc(Sc2ccc3nc[nH]c3c2)cc1,1,Probes & drugs
O=C1CN(/N=C/c2ccco2)C(=O)N1,1,Probes & drugs
O=C(NN1CC2CCCC2C1)NS(=O)(=O)c1ccccc1,1,Probes & drugs
O=C1C[C@H]2SC([C@H]3CCCO3)=CN12,1,Probes & drugs
C1CC[NH+]([C@@H]2CC3CC[C@@H]4C5C[C@H](N6CCOCC6)CC[C@@H]5CC[C@H]4[C@@H]3C2)C1,1,Probes & drugs
O=C1C=C2CC[C@@H]3[C@H](CCC4[C@H]3CC[C@@]43CCC(=O)O3)C2CC1,1,Probes & drugs
O=C(OCCNCc1ccccc1)C1=CNC=CC1c1ccccc1,1,Probes & drugs
c1ccc2c(c1)C[C@@H]1CC2CCN1,1,Probes & drugs
c1ccc(-c2nnn[nH]2)c(-c2ccc(Cn3ccnc3)cc2)c1,1,Probes & drugs
c1ccc(NC2CCN(CCc3cccs3)CC2)cc1,1,Probes & drugs
c1ccc2c(c1)N[C@H]1NCCC21,1,Probes & drugs
O=C1C=CC2C(=C1)CC[C@H]1[C@@H]3CCCC3CC(=O)[C@H]21,1,Probes & drugs
N=C(C(=O)N[C@@H]1C(=O)N2C=C(C[n+]3ccccc3)CS[C@H]12)c1cscn1,1,Probes & drugs
O=C(/C=C/CN1CCCCC1)Nc1ccc2ncnc(Nc3ccccc3)c2c1,1,Probes & drugs
O=C1NC(=O)C(Cc2ccc(OCCNc3ccccn3)cc2)S1,1,Probes & drugs
O=C(/C=C/c1ccccc1)CC(=O)/C=C/c1ccccc1,1,Probes & drugs
O=C(CCCN1CCC2(CC1)C(=O)NCN2c1ccccc1)c1ccccc1,1,Probes & drugs
O=C(CCCN1CCC(n2c(=O)[nH]c3ccccc32)CC1)c1ccccc1,1,Probes & drugs
O=C1C=CC2[C@H]3CCC4[C@@H](C(=O)Nc5ccccc5)CC[C@H]4[C@@H]3CC[C@H]2N1,1,Probes & drugs
O=C(Cc1ccc(COC(=O)c2ccccc2)cc1)Nc1ccc2cnccc2c1,1,Probes & drugs
O=C(Cc1ccccc1)NC1C(=O)N2C=CCSC12,1,Probes & drugs
O=C(Cc1cccs1)N[C@@H]1C(=O)N2C=CCS[C@H]12,1,Probes & drugs
O=C(NCCCCCCCCCCNC(=O)Oc1ccccc1)Oc1ccccc1,1,Probes & drugs
N=C(N)NCCC[C@H](N)C(=O)O,1,Probes & drugs
O=C(C1CCCO1)N1CCN(c2ncc3ccccc3n2)CC1,1,Probes & drugs
O=C1C=CC2C(=C1)CC[C@@H]1C2CCC2C(OC(=O)c3ccco3)CC[C@H]21,1,Probes & drugs
O=C(CSC1CCCCC1)O[C@@H]1CCCC[C@@]23CCCC1[C@@H]2C(=O)CC3,1,Probes & drugs
O=C(Cc1ccccc1)O[C@H]1C[C@@H]2N[C@H](C1)[C@H]1O[C@H]12,1,Probes & drugs
O=C(OCCN1CCN(C(c2ccccc2)c2ccccc2)CC1)C1=CNC=CC1c1ccccc1,1,Probes & drugs
c1ccc(C(Cn2ccnc2)OCc2ccsc2)cc1,1,Probes & drugs
O=C1C[C@H]2SCC(CSc3nnn[nH]3)=CN12,1,Probes & drugs
O=C(NC1OC2[C@@H]3CCCN3C(=O)[C@H](Cc3ccccc3)N2C1=O)[C@@H]1C=C2c3cccc4[nH]cc(c34)C[C@H]2NC1,1,Probes & drugs
NC(=O)CC[C@H](N)C(=O)O,1,Probes & drugs
O=C1OC[C@H]2[C@H]1[C@H](c1ccccc1)c1cc3c(cc1[C@H]2O[C@H]1CC[C@@H]2O[C@H](c4cccs4)OC[C@H]2O1)OCO3,1,Probes & drugs
c1ccc(OCCCSC2CCCC2)cc1,1,Probes & drugs
c1ccc(CCCCOCCCCCCNCCc2ccccc2)cc1,1,Probes & drugs
C=C1CCC2[C@H]3Cc4cccc5c4[C@@]2(CCN3CC2CC2)[C@H]1O5,1,Probes & drugs
c1ccc(CNCCC(c2ccccc2)c2ccccc2)cc1,1,Probes & drugs
O=C1CCN2CCc3ccccc3[C@@H]2C1,1,Probes & drugs
O=C(OCc1ccccc1)c1cccnc1,1,Probes & drugs
O=C(Cc1ccsc1)N[C@@H]1C(=O)N2CCS[C@H]12,1,Probes & drugs
O=S(=O)(Nc1ccon1)c1ccccc1,1,Probes & drugs
c1ccc(CCNCCc2ccc3c(c2)OCO3)cc1,1,Probes & drugs
c1ccc(C(OCC[C@H]2CCCN2)c2ccccc2)cc1,1,Probes & drugs
O=C(Oc1ccc(CC2CCCCC2)cc1)c1ccccc1,1,Probes & drugs
O=C(CCc1ccc(OCCCNCCNC(=O)N2CCOCC2)cc1)OC[C@@H]1COCO1,1,Probes & drugs
O=C1CN=C(C2=CCCCC2)c2ccccc2N1,1,Probes & drugs
O=C(NN1CCc2ccccc21)c1ccccc1,1,Probes & drugs
c1ccc(C2=NCc3cncn3-c3ccccc32)cc1,1,Probes & drugs
O=C1C[C@@H](c2ccccc2)Oc2cc(O[C@H]3CCC[C@@H](CO[C@H]4CCCCO4)O3)ccc21,1,Probes & drugs
c1ccc(CCn2ccnc2)cc1,1,Probes & drugs
c1ccc([C@@]2(Cn3ccnc3)OC[C@H](COc3ccc(N4CCNCC4)cc3)O2)cc1,1,Probes & drugs
O=C(OCCNCCc1ccccc1)c1ccccc1,1,Probes & drugs
O=C1CC2(CCCC2)CC(=O)N1CCCCN1CCN(c2ncccn2)CC1,1,Probes & drugs
O=C(NN1CCCCCC1)NS(=O)(=O)c1ccc(CCNC(=O)c2ccon2)cc1,1,Probes & drugs
O=C(CCCN1CCCCC1)c1ccccc1,1,Probes & drugs
O=C(Nc1ccc(S(=O)(=O)Nc2nccs2)cc1)c1ccccc1,1,Probes & drugs
c1ccc(C2(c3ccccc3)OCC(C3CCCCN3)O2)cc1,1,Probes & drugs
c1ccc2c(c1)CCc1cccnc1C2=C1CCNCC1,1,Probes & drugs
O=C(Cc1ccccc1)N[C@@H]1C(=O)N2[C@@H](C(=O)OC3OC(=O)c4ccccc43)CS[C@H]12,1,Probes & drugs
O=C1C=CC2C(=C1)CC[C@@H]1[C@@H]2CCC2C3O[C@H](C4CCCCC4)O[C@@H]3C[C@H]21,1,Probes & drugs
O=C1N[C@@H]2CCCN1C2,1,Probes & drugs
c1ncc2ncn(C3CCCO3)c2n1,1,Probes & drugs
O=c1[nH]c(-c2ccccc2-c2ccc(Cn3cnc4ccccc43)cc2)no1,1,Probes & drugs
c1ccc(Nc2nccc(-c3cn(C4CC4)c4ccccc34)n2)cc1,1,Probes & drugs
c1ccc2c(c1)Cc1ccccc1N1CCNCC21,1,Probes & drugs
NCCC(O)(P(=O)(O)O)P(=O)(O)O,1,Probes & drugs
C=C1CC2[C@@H](CC[C@H]3[C@@H]4CCCC4CC[C@H]23)CC1=O,1,Probes & drugs
O=C(OCCCNCCNCCCOC(=O)c1ccccc1)c1ccccc1,1,Probes & drugs
c1ccc(C(CCN2CCCCC2)C2CCCCC2)cc1,1,Probes & drugs
c1ccc(C(O[C@H]2C[C@H]3CC[C@@H](C2)N3)c2ccccc2)cc1,1,Probes & drugs
O=C(Cc1cscn1)N[C@@H]1C(=O)N2C=C(CSc3nnn[nH]3)CS[C@H]12,1,Probes & drugs
CCCCC/C=C\C/C=C\C/C=C\CCCCCCC(=O)O,1,Probes & drugs
O=C1c2ccccc2C(=O)c2cc3c(cc21)CCC[C@@H]3O[C@H]1CC[C@H](O[C@@H]2CCCCO2)CO1,1,Probes & drugs
c1ccc(C(CCCN2CCNCC2)c2ccccc2)cc1,1,Probes & drugs
O=C(NCC1CCCN1)c1ccc2[nH]nnc2c1,1,Probes & drugs
O=c1ccn2c3c(c(N4CCNCC4)ccc13)OCC2,1,Probes & drugs
CCCCC/C=C\C/C=C\C/C=C\CCCCC(=O)O,1,Probes & drugs
O=c1ccn(C2CC2)c2cc(N3CCCC3)ccc12,1,Probes & drugs
O=C(O)CN(CCN(CC(=O)O)CC(=O)O)CC(=O)O,1,Probes & drugs
O=C(C=Cc1cccnc1)NCc1ccc(C(=O)Nc2ccccc2)cc1,1,Probes & drugs
CC/C=C\C/C=C\C/C=C\CCCCCCCC(=O)O,1,Probes & drugs
N=C(C(=O)N[C@@H]1C(=O)N2C=C(CSc3nnn[nH]3)CS[C@H]12)c1cscn1,1,Probes & drugs
c1ccc(-c2nnn[nH]2)c(-c2ccc(Cn3cnc4ccccc43)cc2)c1,1,Probes & drugs
c1ccc([C@@]2(Cn3cncn3)OC[C@H](COc3ccc(N4CCNCC4)cc3)O2)cc1,1,Probes & drugs
c1ccc(OCCOCC2CC2)cc1,1,Probes & drugs
C=C1CC2CCC[C@H]2[C@@H]2CCC3=CCCC[C@@H]3[C@@H]12,1,Probes & drugs
C1CC[C@@H](O[C@@H]2CO[C@@H](O[C@@H]3CCCC[C@H]3O[C@@H]3CCCCO3)C2)OC1,1,Probes & drugs
O=C(NN1CCCCCC1)NS(=O)(=O)c1ccccc1,1,Probes & drugs
c1ccc([C@]2(CCNCc3cccs3)CCOC3(CCCC3)C2)nc1,1,Probes & drugs
O=c1c(O[C@H]2CCC[C@@H](CO[C@H]3CCCCO3)O2)c(-c2ccccc2)oc2ccccc12,1,Probes & drugs
N=c1c[n+](N2CCOCC2)[n-]o1,1,Probes & drugs
CC(C)CCCC(C)CCCC(C)CCCCC(C)CCCC(C)CCCC(C)C,1,Probes & drugs
c1nc2nc[nH]c(Sc3cnc[nH]3)c-2n1,1,Probes & drugs
O=C1[C@H](CCCc2ccccc2)[C@@H](c2ccccc2)N1c1ccccc1,1,Probes & drugs
O=c1nc[nH]c(=O)[nH]1,1,Probes & drugs
C=C1C[NH+]2CC[C@]34c5ccccc5N5/C=C6\[C@@H]7N(/C=C(\[C@H]53)[C@H]1C[C@H]24)c1ccccc1[C@@]71CC[NH+]2CC(=C)[C@@H]6C[C@H]21,1,Probes & drugs
O=C(O[C@H]1C[C@@H]2[NH2+][C@H](C1)[C@H]1O[C@H]12)C(c1cccs1)c1cccs1,1,Probes & drugs
c1ccc2c(c1)C[C@H]1C3CCCC[C@@]23CCN1CC1CCC1,1,Probes & drugs
O=C(CCCN1CC[C@H]2[C@@H](C1)c1cccc3c1N2CCN3)c1ccccc1,1,Probes & drugs
c1ccc(O[C@H](c2ccccc2)[C@H]2CNCCO2)cc1,1,Probes & drugs
O=C1[C@@H](/N=C/N2CCCCCC2)[C@H]2SCCN12,1,Probes & drugs
c1ccc(N=Nc2cccnc2)cc1,1,Probes & drugs
c1ccc2c(C[C@H]3CCCCN3)ccnc2c1,1,Probes & drugs
O=C(/C=C/c1ccccc1)O[C@H]1CC[C@H]2C[C@@H]3c4[nH]c5ccccc5c4CCN3C[C@H]2C1,1,Probes & drugs
O=C(N[C@H]1C[C@H]2CCC[C@@H](C1)N2)c1n[nH]c2ccccc12,1,Probes & drugs
O=C(O[C@H]1CCN(Cc2ccccc2)C1)C1=CNC=C[C@@H]1c1ccccc1,1,Probes & drugs
CCCCCCCC/C=C\CCCCCCCC(=O)O,1,Probes & drugs
c1ccc2c(C[C@@H]3CC4CCN3CC4)ccnc2c1,1,Probes & drugs
c1ccc(C2(Cn3ccnc3)OCC(COc3ccc(N4CCNCC4)cc3)O2)cc1,1,Probes & drugs
O=C1CCN2CCc3ccccc3C2C1,1,Probes & drugs
CCCCCCCCCCCCCCCCCC(=O)O,1,Probes & drugs
O=c1ncncn1C1CCCO1,1,Probes & drugs
CCCCC/C=C\C/C=C\CCCCCCCC(=O)O,1,Probes & drugs
c1ccc(C(CCN2CCCC2)C2CCCCC2)cc1,1,Probes & drugs
c1ccc(C(CCN2CCCCC2)C2CCCC2)cc1,1,Probes & drugs
C[N+](C)(C)CCCCCCCCCC[N+](C)(C)C,1,Probes & drugs
C(=C/c1ccccc1)\CNCc1cccc2ccccc12,1,Probes & drugs
N[C@@H](CCC(=O)N[C@@H](CSSC[C@H](NC(=O)CC[C@H](N)C(=O)O)C(=O)NCC(=O)O)C(=O)NCC(=O)O)C(=O)O,1,Probes & drugs
O=C1C=C2CC[C@@H]3[C@H](CCC4[C@@H](OC(=O)CCC5CCCC5)CC[C@H]43)C2CC1,1,Probes & drugs
O=C(N[C@@H]1C(=O)N2CCS[C@H]12)[C@H](NC(=O)N1CCNC1=O)c1ccccc1,1,Probes & drugs
O=C1C=C([C@H]2CC[C@H](c3ccccc3)CC2)C(=O)c2ccccc21,1,Probes & drugs
CCCCCCCCCCCCCCCC[N+](C)(C)C,1,Probes & drugs
O=C(Cc1ccccc1)Nc1cnc(N2CCNCC2)cc1-c1ccccc1,1,Probes & drugs
O=C(CNC(=O)c1ccccc1)NCB1OCCC(=O)O1,1,Probes & drugs
c1cc(Cc2ccc(O[C@H]3CCOC3)cc2)cc([C@H]2CCCCO2)c1,1,Probes & drugs
CCCC(C)(COC(N)=O)COC(=O)NC(C)C,1,Probes & drugs
CC(C)=CCC/C(C)=C/CC/C(C)=C/CC/C=C(\C)CC/C=C(\C)CCC=C(C)C,1,Probes & drugs
N=C(C(=O)N[C@@H]1C(=O)N2C=C(CSc3nc(=O)c(=O)[nH][nH]3)CS[C@H]12)c1cscn1,1,Probes & drugs
O=C1C[C@H]2SCC=CN12,1,Probes & drugs
c1ccc(S[C@H]2CCNC2)cc1,1,Probes & drugs
c1ccc(Nc2ccc(Nc3ccccc3)cc2)cc1,1,Probes & drugs
O=C1C=C2CC[C@@H]3[C@H](CCC4C(C(=O)COC(=O)CCC5CCCC5)CC[C@H]43)C2CC1,1,Probes & drugs
O=C(N[C@@H](C(=O)N[C@@H]1C(=O)N2C=C(CSc3nnn[nH]3)CS[C@H]12)c1ccccc1)c1cccnc1,1,Probes & drugs
O=C1C=CC2C(=C1)CC[C@@H]1C2CCC2C3OC4(CCCC4)O[C@@H]3C[C@H]21,1,Probes & drugs
O=C(Nc1ccon1)C1=Cc2ccccc2S(=O)(=O)N1,1,Probes & drugs
O=C(OC1CC[NH2+]C1)C(c1ccccc1)C1CCCC1,1,Probes & drugs
CC/C=C\C/C=C\C/C=C/C/C=C\C/C=C\C/C=C\CCC(=O)O,1,Probes & drugs
c1ccc(CNCc2cccc3ccccc23)cc1,1,Probes & drugs
O=P(O)(O)C(Cl)(Cl)P(=O)(O)O,1,Probes & drugs
OC[C@@H](O)[C@@H](O)[C@H](O)[C@H](O)CO,1,Probes & drugs
C1=CC2=[S][Zn]3(ON2C=C1)ON1C=CC=CC1=[S]3,1,Probes & drugs
N#C[Fe-2](C#N)(C#N)(C#N)(C#N)N=O,1,Probes & drugs
c1ccc(-c2cncnc2OCCOc2ncccn2)cc1,1,Probes & drugs
C=C1NC(=O)[C@H]2CSSCCC=C[C@H](CC(=O)NCC(=O)N2)OC(=O)CNC1=O,1,Probes & drugs
C1O[C@@]2(CS1)CN1CCC2CC1,1,Probes & drugs
C1CC[C@H](O[C@H]2CCCOC2)OC1,1,Probes & drugs
O=c1[nH]cnn1CCCN1CCN(c2ccccc2)CC1,1,Probes & drugs
N=C1NC[C@H]2[C@@H]3C[C@@H]4C[C@]2(CC(O4)O3)N1,1,Probes & drugs
c1nc2c(s1)CCNCC2,1,Probes & drugs
c1cc2cc(c1)Oc1ccc3c(c1)[C@H](Cc1ccc(cc1)Oc1cccc4c1[C@@H](C2)[NH2+]CC4)[NH2+]CC3,1,Probes & drugs
CN(C)C(=S)SC(=S)N(C)C,1,Probes & drugs
c1cc(-c2n[nH]c(-c3ccncc3)n2)ccn1,1,Probes & drugs
O=C1CCCC(=O)N1CCCCN1CCN(c2ncccn2)CC1,1,Probes & drugs
CCCCCCCC/C=C/CCCCCCCC(=O)O,1,Probes & drugs
O=C(Cc1ccccc1)O[C@H]1C[C@@H]2[NH2+][C@H](C1)[C@H]1O[C@H]12,1,Probes & drugs
c1ccc(C(CCN2CCCCC2)c2ccccc2)cc1,1,Probes & drugs
O=c1ccc2cnc(Nc3ccc(N4CCNCC4)cn3)nc2n1C1CCCC1,1,Probes & drugs
c1cc(NC2[C@H]3CC4CC(C[C@H]2C4)C3)c2cc[nH]c2n1,1,Probes & drugs
O=C1C=C2CC[C@@H]3[C@H](CCC4CC=C[C@H]43)[C@H]2CC1,1,Probes & drugs
O=c1ncncn1[C@H]1CCCO1,1,Probes & drugs
O=C1Cc2cc3n(c(=O)c2CO1)Cc1c-3nc2cccc3c2c1CCC3,1,Probes & drugs
O=C(OC1=CC[C@@H]2[C@H]3Cc4cccc5c4[C@@]2(CCN3)[C@H]1O5)c1ccccc1,1,Probes & drugs
c1ccc(NC2CCNCC2)cc1,1,Probes & drugs
C=C1C(=O)C[C@@H]2C1CC[C@@H]1C3CCC(=O)C=C3CC[C@@H]21,1,Probes & drugs
O=C(CCC1CCCC1)O[C@H]1CC[C@@H]2C1CC[C@@H]1c3ccccc3CC[C@H]12,1,Probes & drugs
O=C(NCCNCCCOc1ccccc1)N1CCOCC1,1,Probes & drugs
O=C1NCN(c2ccccc2)C12CCN(CCCC(c1ccccc1)c1ccccc1)CC2,1,Probes & drugs
O=C1CCCc2ccccc21,1,Probes & drugs
c1ccc(-c2ccc(Cc3cccc([C@H]4CCCCO4)c3)s2)cc1,1,Probes & drugs
O=C(OCc1coc(=O)o1)c1cncn1Cc1ccc(-c2ccccc2-c2nn[nH]n2)cc1,1,Probes & drugs
O=C(N[C@@H]1CC2CC[C@H]1C2)NS(=O)(=O)c1ccccc1,1,Probes & drugs
CC(O)(P(=O)(O)O)P(=O)(O)O,1,Probes & drugs
c1ccc2c(CC3=NCCN3)cccc2c1,1,Probes & drugs
c1ccc(OCCCN2CCOCC2)cc1,1,Probes & drugs
O=c1[nH]c2ccccc2n1CCN1CCN(c2ccccc2)CC1,1,Probes & drugs
O=C(OCCN1CCN(c2ccccc2)CC1)c1ccccc1Nc1ccnc2ccccc12,1,Probes & drugs
O=c1ccn(C2CC2)c2cc(N3CCCCC3)ccc12,1,Probes & drugs
NC(=O)N[C@@H](CCC(=O)O)C(=O)O,1,Probes & drugs
O=C(CCc1c[nH]c2ccccc12)NCCc1c[nH]c2ccccc12,1,Probes & drugs
O=C(O)CC(O)(CC(=O)O)C(=O)O,1,Probes & drugs
O=C1Nc2ccccc2CC[C@@H]1NCCCc1ccccc1,1,Probes & drugs
O=C(N[C@@H]1C(=O)N2CCS[C@H]12)c1cccc2ccccc12,1,Probes & drugs
O=c1ccncn1Cc1ccc(-c2ccccc2-c2nnn[nH]2)cc1,1,Probes & drugs
O=C(N=c1nc2cc(OCCCN3CCOCC3)ccc2c2n1CCN2)c1cncnc1,1,Probes & drugs
O=C(OC1C[C@@H]2[NH2+][C@H](C1)[C@H]1O[C@H]12)C(c1cccs1)c1cccs1,1,Probes & drugs
c1cnn(-c2ncc3ncn([C@H]4CCCO4)c3n2)c1,1,Probes & drugs
c1ccc2c(c1)CCc1ccccc1N2CCCN1CCC(N2CCCCC2)CC1,1,Probes & drugs
O=C1CCc2ccccc2N1,1,Probes & drugs
O=C1NC(=O)C(Cc2ccc(OCCc3ccccn3)cc2)S1,1,Probes & drugs
O=C(Nc1ccccc1)Nc1ccccc1,1,Probes & drugs
c1cncc(Nc2nccc(-c3c[nH]c4ccccc34)n2)c1,1,Probes & drugs
O=C(NC1CCCCC1)NS(=O)(=O)c1ccc(CCN2C(=O)Cc3ccccc3C2=O)cc1,1,Probes & drugs
c1ccc(C(CCCN2CCCCC2)c2ccccc2)cc1,1,Probes & drugs
N=c1ccn([C@H]2CCCO2)c(=O)[nH]1,1,Probes & drugs
O=C(CNC(=O)c1ccc2ccccc2n1)N[C@H](CCN1CC[C@@H]2CCCC[C@@H]2C1)Cc1ccccc1,1,Probes & drugs
O=C(NC1CCN(Cc2ccccc2)CC1)c1ccccc1,1,Probes & drugs
O=S(=O)(Nc1ccccn1)c1ccc(/N=N/c2ccccc2)cc1,1,Probes & drugs
O=C1OC(c2ccccc2)(c2ccccc2)c2ccccc21,1,Probes & drugs
O=C(Oc1ccc2c(c1)CC[C@@H]1[C@@H]2CCC2CCC[C@H]21)c1ccccc1,1,Probes & drugs
c1ccc(CN2CCCCC2)cc1,1,Probes & drugs
C1=Cc2ccccc2Sc2ccccc21,1,Probes & drugs
C1CCOC1,1,Probes & drugs
O=C1C=CC2C(=C1)CC[C@@H]1C2=CCC2CCC[C@H]21,1,Probes & drugs
c1ccc(CSC(Cn2ccnc2)c2ccccc2)cc1,1,Probes & drugs
c1ccc(Nc2ncnc3cc(O[C@H]4CCOC4)ccc23)cc1,1,Probes & drugs
c1cc2c(cc1OC1CCCC1)CC[C@@H]1[C@@H]2CCC2CCC[C@H]21,1,Probes & drugs
c1ccc2c(c1)Cc1ccccc1C(N1CCNCC1)=N2,1,Probes & drugs
O=C(CN1CCN(CCCC(c2ccccc2)c2ccccc2)CC1)Nc1ccccc1,1,Probes & drugs
CCCCCCCCCCCCCC(=O)OC(C)C,1,Probes & drugs
O=C(OCC1=NCCCN1)C(c1ccccc1)C1CCCCC1,1,Probes & drugs
O=C1CSC2(CCN(CCCN3c4ccccc4Sc4ccccc43)CC2)N1,1,Probes & drugs
CCN(CC)C(=S)SC(=S)N(CC)CC,1,Probes & drugs
c1ccc(OCCCCCCOc2ccccc2)cc1,1,Probes & drugs
O=C(CCCN1CCN(c2ccccn2)CC1)c1ccccc1,1,Probes & drugs
O=C(NCCc1ccccc1)c1ccccc1,1,Probes & drugs
O=S(=O)(Nc1cnccn1)c1ccccc1,1,Probes & drugs
O=C1[C@@H](N=CN2CCCCCC2)[C@H]2SCCN12,1,Probes & drugs
c1ccc2sc(SN3CCOCC3)nc2c1,1,Probes & drugs
O=C1c2ccccc2Cc2ccccc21,1,Probes & drugs
O=S(=O)(Nc1ccno1)c1ccccc1,1,Probes & drugs
c1ccc(Oc2ccc(-c3nn(C4CCCNC4)c4ncncc34)cc2)cc1,1,Probes & drugs
O=c1[nH]c(=O)c2c(ncn2CCCNCCc2ccccc2)[nH]1,1,Probes & drugs
O=C(N[C@@H]1C(=O)N2CCS[C@H]12)C(C(=O)Oc1ccc2c(c1)CCC2)c1ccccc1,1,Probes & drugs
O=C(CCCN1CC=C(n2c(=O)[nH]c3ccccc32)CC1)c1ccccc1,1,Probes & drugs
COP(=O)(OC)C(O)C(Cl)(Cl)Cl,1,Probes & drugs
O=C(OCCCN1CCC(c2ccccc2)(c2ccccc2)CC1)C1=CNC=C[C@H]1c1ccccc1,1,Probes & drugs
O=C1OCCN1c1ccc(-c2ccc(-c3nn[nH]n3)nc2)cc1,1,Probes & drugs
O=c1ccn(-c2ccccn2)c2cc(N3CCC3)ccc12,1,Probes & drugs
O=c1ccn2c3c(c(C4CC4)ccc13)OCC2,1,Probes & drugs
O=C1NCNc2ccccc21,1,Probes & drugs
O=C1CC[C@H](/C=C/CCOc2ccccc2)C1,1,Probes & drugs
c1ccc(CCc2cnc3ncncc3n2)cc1,1,Probes & drugs
c1ccc2c(c1)C[C@@H]1C3CCCC[C@]23CCN1CC1CCC1,1,Probes & drugs
c1ccc(C(CCn2ccnc2)c2ccccc2)cc1,1,Probes & drugs
O=C(Cc1ccccc1)c1ccccc1,1,Probes & drugs
c1ccc2c(c1)Sc1ccccc1N2CC1CN2CCC1CC2,1,Probes & drugs
O=C(Nc1cncc(Nc2nccc(-c3cccnc3)n2)c1)c1ccc(CN2CCNCC2)cc1,1,Probes & drugs
O=C(NC1CCN(CCc2c[nH]c3ccccc23)CC1)c1ccccc1,1,Probes & drugs
O=C1CN=C(c2ccccc2)c2ccsc2N1,1,Probes & drugs
O=c1cccc2c(c1)CCCc1cc(O[C@H]3CCCCO3)ccc1-2,1,Probes & drugs
O=c1cc(-c2ccccc2)oc2cc(O[C@H]3CCC[C@@H](CO[C@H]4CCCCO4)O3)ccc12,1,Probes & drugs
c1ccc(CCNCCCOc2ccccc2)cc1,1,Probes & drugs
O=S1(=O)NC(C2CC3C=CC2C3)Nc2ccccc21,1,Probes & drugs
c1ccc2c(c1)Sc1ccccc1N2CC1CCCNC1,1,Probes & drugs
c1ccc2c3c([nH]c2c1)[C@@H]1C[C@@H]2CCCC[C@H]2CN1CC3,1,Probes & drugs
O=C1C=CC2C(=C1)CC[C@@H]1[C@@H]2CCC2C3N=CO[C@@H]3C[C@H]21,1,Probes & drugs
O=C1C[C@@H]2CCC[C@@H]3CCC4OO[C@]32[C@H](O1)O4,1,Probes & drugs
O=C1C=CC2C(=C1)CC[C@@H]1C2CCC2C(OC(=O)c3ccccc3)CC[C@H]21,1,Probes & drugs
O=C(NCCC1CCC1)[C@H]1NC[C@@H]2C[C@@H]21,1,Probes & drugs
O=C(OCCN1CCOCC1)c1cccnc1Nc1ccccc1,1,Probes & drugs
O=C(Nc1nccs1)c1cccs1,1,Probes & drugs
O=C(CCCN1CCC(N2CCCCC2)CC1)c1ccccc1,1,Probes & drugs
O=C1[C@H]2CCCC[C@H]2C(=O)N1CCCCN1CCN(c2nsc3ccccc23)CC1,1,Probes & drugs
c1ccc2c(c1)c1c3n2CCC2CCCN(CC1)[C@H]32,1,Probes & drugs
CCCCCCCCCCCCCCCC(=O)O,1,Probes & drugs
O=C1N(Cc2ccc(-c3ccccc3-c3nnn[nH]3)cc2)C=NC12CCCC2,1,Probes & drugs
O=c1ccn(C2CC2)c2cc(N3CCCCCC3)ccc12,1,Probes & drugs
C=C1CC2CC[C@H]3[C@@H](CCC4=CC(=O)CC[C@@H]43)[C@@H]2C1,1,Probes & drugs
O=C1C=C2CC[C@@H]3C(CCC4C5OCO[C@@H]5C[C@H]43)C2CC1,1,Probes & drugs
O=C(OC/C=C/c1ccccc1)C1=CNC=CC1c1ccccc1,1,Probes & drugs
O=C(/C=C/c1ccoc1)N[C@@H]1CCC2[C@H]3Cc4cccc5c4[C@@]2(CCN3CC2CC2)[C@H]1O5,1,Probes & drugs
N=C(C(=O)N[C@@H]1C(=O)N2C=C(C[n+]3cccc4c3CCC4)CS[C@H]12)c1cscn1,1,Probes & drugs
c1cscn1,1,Probes & drugs
c1ccc(Cn2c(CN3CCCC3)nc3ccccc32)cc1,1,Probes & drugs
C1CN([C@@H]2CC[C@@H]3CC[C@H]4[C@@H]5C[C@H](N6CC[NH2+]CC6)CC5CC[C@@H]4C3C2)CC[NH2+]1,1,Probes & drugs
S=C1CN=C(c2ccccc2)c2ccccc2N1,1,Probes & drugs
O=C1OCCN1/N=C/c1ccco1,1,Probes & drugs
CN(C)C(=S)SSC(=S)N(C)C,1,Probes & drugs
O=C1C=C2C=C[C@H]3[C@@H]4CCCC4CC[C@H]3C2CC1,1,Probes & drugs
c1ccc2c(c1)CCN[C@@H]2C[C@@H]1CCN2CCc3ccccc3[C@@H]2C1,1,Probes & drugs
c1cc2cc(c1)Oc1ccc3c(c1)[C@H](Cc1ccc(cc1)Oc1cccc4c1[C@@H](C2)[NH2+]CC4)NCC3,1,Probes & drugs
O=S(=O)(Nc1ccccn1)c1ccccc1,1,Probes & drugs
O=c1cc(-c2ccccc2)oc2ccccc12,1,Probes & drugs
c1ccc2nc(N3CCCNCC3)ncc2c1,1,Probes & drugs
c1ccc(-c2ccncc2)cc1,1,Probes & drugs
O=C(Cc1ccccc1)NC1C(=O)N2C=C(CSc3nnn[nH]3)CO[C@H]12,1,Probes & drugs
O=C(O[C@@H]1CCCN(Cc2ccccc2)C1)C1=CNC=CC1c1ccccc1,1,Probes & drugs
O=c1cc[nH]c2cc3c(cc12)OCO3,1,Probes & drugs
O=[N+]([O-])OC[C@H](O[N+](=O)[O-])[C@@H](CO[N+](=O)[O-])O[N+](=O)[O-],1,Probes & drugs
c1ccc(Oc2ccc(-c3cccc(C4CCNCC4)n3)cc2)cc1,1,Probes & drugs
O=C(OCCNCCC(c1ccccc1)c1ccccc1)C1=CNC=CC1c1ccccc1,1,Probes & drugs
O=c1ccn2c3c(c(N4CCCCC4)ccc13)CCC2,1,Probes & drugs
O=C(COc1ccccc1)N1CCN(Cc2ccc3c(c2)OCO3)CC1,1,Probes & drugs
O=C(CCCN1CCC(OC(c2ccccc2)c2ccccc2)CC1)c1ccccc1,1,Probes & drugs
c1ccc2c(c1)CCN1CCCCC21,1,Probes & drugs
CCCCCCCCCCCCOCCOCCOCCOCCOCCOCCOCCOCCOCCO,1,Probes & drugs
O=C1NCCN(C(=O)N[C@@H](C(=O)N[C@@H]2C(=O)N3CCS[C@H]23)c2ccccc2)C1=O,1,Probes & drugs
c1ccc(C(CN2CC[NH2+]CC2)C2CCCCC2)cc1,1,Probes & drugs
c1ccc(C2=NCCNc3ccccc32)cc1,1,Probes & drugs
O=C(Cc1cccs1)N[C@@H]1C(=O)N2C=C(C[n+]3ccccc3)CS[C@H]12,1,Probes & drugs
O=C1CN=C(c2ccccc2)c2ccccc2N1CC1CC1,1,Probes & drugs
CC(=O)O[C@H](CC(=O)[O-])C[N+](C)(C)C,1,Probes & drugs
O=C(Oc1ccccc1OC(=O)c1ccccc1)c1ccccc1,1,Probes & drugs
O=S(=O)(Nc1nc(-c2ncccn2)ncc1Oc1ccccc1)c1ccccc1,1,Probes & drugs
c1ccc(Cc2cncnc2)cc1,1,Probes & drugs
O=c1[nH]c(=O)c2c(ncn2CC2OCCO2)[nH]1,1,Probes & drugs
c1ccc([C@H]2CCc3ccccc3[C@H]2c2ccc(OCCN3CCCC3)cc2)cc1,1,Probes & drugs
c1cc2c3c(c1)O[C@H]1CCC[C@H]4[C@@H](C2)NCC[C@]314,1,Probes & drugs
O=C(CN1CCN(CCCOc2ccccc2)CC1)Nc1ccccc1,1,Probes & drugs
O=C(CN1CCNCC1)Nc1ccc(N/C(=C2\C(=O)Nc3ccccc32)c2ccccc2)cc1,1,Probes & drugs
N[C@@H](CC(=O)O)C(=O)O,1,Probes & drugs
c1ccc(CCCCc2ccccc2)cc1,1,Probes & drugs
O=c1nc[nH]c2c1NC(CNc1ccccc1)CN2,1,Probes & drugs
O=C1C[C@@H]2CC[C@H]3[C@@H]4CCCC4CC[C@@H]3C2CO1,1,Probes & drugs
O=C(Cn1cnnn1)N[C@@H]1C(=O)N2C=C(CSc3nncs3)CS[C@H]12,1,Probes & drugs
C1=C[C@@H](c2ccccc2)CCC1,1,Probes & drugs
O=C(NC1CCCCC1)NS(=O)(=O)c1ccc(CCNC(=O)c2ccccc2)cc1,1,Probes & drugs
O=c1c2ccccc2cc(CNc2ncnc3[nH]cnc23)n1-c1ccccc1,1,Probes & drugs
c1ccc(Cc2c[nH]cn2)cc1,1,Probes & drugs
c1ccc(C[SH+]c2nc3cc(-n4cccc4)ccc3[nH]2)nc1,1,Probes & drugs
O=c1[nH]ncn1-c1ccc(N2CCN(c3ccc(OC[C@@H]4CO[C@@](Cn5cncn5)(c5ccccc5)C4)cc3)CC2)cc1,1,Probes & drugs
C1CC[NH+]([C@@H]2CC[C@@H]3CC[C@H]4[C@@H]5C[C@H]([NH+]6CCCCC6)CC5CC[C@@H]4C3C2)CC1,1,Probes & drugs
c1ccc2sc(SSc3nc4ccccc4s3)nc2c1,1,Probes & drugs
C(=Cc1ccccc1)CNCc1cccc2ccccc12,1,Probes & drugs
C(=C/C1CCCC1)\CCCc1ccccc1,1,Probes & drugs
O=c1c(N=Nc2cccc(-c3ccccc3)c2)c[nH]n1-c1ccccc1,1,Probes & drugs
c1cc2c3c(c1)O[C@H]1CCCC4[C@@H](C2)NCC[C@@]341,1,Probes & drugs
C1=C[C@H]2[C@H]3Cc4ccc(OCCN5CCOCC5)c5c4[C@@]2(CCN3)[C@H](C1)O5,1,Probes & drugs
c1ccc(O[C@@H](c2ccccc2)[C@@H]2CNCCO2)cc1,1,Probes & drugs
O=C(NCc1ccccc1)c1cn2c(cc1=O)C(=O)N1[C@H]3CC[C@H](C3)O[C@@H]1C2,1,Probes & drugs
O=C(OCOC(=O)c1cccc2ncn(Cc3ccc(-c4ccccc4-c4nnn[nH]4)cc3)c12)OC1CCCCC1,1,Probes & drugs
c1ccc2c(CC3CCCCN3)ccnc2c1,1,Probes & drugs
C=C1C(=O)O[C@@H]2[C@@H]3OC3CCC=CCC[C@@H]12,1,Probes & drugs
c1ccc2c(c1)c1c3n2CCNC3CCC1,1,Probes & drugs
C1=NCCN1Cc1cccnc1,1,Probes & drugs
O=C1CN(C(=O)CCCc2ccccc2)CCN1,1,Probes & drugs
O=C(N[C@H]1CC2O[C@H](C1)n1c3ccccc3c3c4c(c5c6ccccc6n2c5c31)CNC4=O)c1ccccc1,1,Probes & drugs
O=C(NCCNCC(=O)N1CCCC1)c1cnc2ccnn2c1,1,Probes & drugs
O=C(O[C@@H]1CC[C@@H](c2ccccc2)Cc2cccnc21)N1CCC(n2c(=O)[nH]c3ncccc32)CC1,1,Probes & drugs
C1CC[C@]2(CO2)[C@@H](C2CO2)C1,1,Probes & drugs
O=c1cc[nH]cc1,1,Probes & drugs
C1CC2CCC1C2,1,Probes & drugs
O=S1(=O)NCCc2ccsc21,1,Probes & drugs
C=C1CN2C(=O)C[C@H]2O1,1,Probes & drugs
c1ccc([C@@H]2C[C@H]2Nc2ncnc3c2nnn3C2CCCC2)cc1,1,Probes & drugs
O=C(CCc1ccccc1)NCC(=O)OCc1ccccc1,1,Probes & drugs
c1ccc2cccc-2cc1,1,Probes & drugs
c1ccc(Oc2ccc3nc[nH]c3c2)cc1,1,Probes & drugs
O=C(Nc1nc(-c2cccs2)c(N2CCN(C3CCCCC3)CC2)s1)c1ccc(N2CCCCC2)nc1,1,Probes & drugs
O=C(C1COc2ccccc2O1)N1CCN(c2ncc3ccccc3n2)CC1,1,Probes & drugs
O=c1cc[nH]c2cc3occc(=O)c3cc12,1,Probes & drugs
O=c1ccoc2ccc(Oc3ccccc3)cc12,1,Probes & drugs
O=C(c1ccccc1)c1ccc2n1CCC2,1,Probes & drugs
O=C1NCc2n[nH]cc2-c2cncc(c2)OCc2ccccc21,1,Probes & drugs
O=C1CC[C@]23CCCCCC(CCC2)[C@H]13,1,Probes & drugs
O=C(CNC(=O)c1ccccc1)NCB1OCC(=O)O1,1,Probes & drugs
O=c1cccc[nH]1,1,Probes & drugs
O=C(NCCn1ccc(-c2ccccc2)n1)c1cc[nH]n1,1,Probes & drugs
O=c1nccc[nH]1,1,Probes & drugs
C1CN2CCC1CC2,1,Probes & drugs
O=C(NC(=O)c1ccccc1)Nc1ccccc1,1,Probes & drugs
c1ccc(Nc2nccc(Oc3ccc4[nH]ccc4c3)n2)cc1,1,Probes & drugs
C(=C1SCC(c2ccccc2)S1)n1ccnc1,1,Probes & drugs
O=c1nc[nH]c2ncc(CNc3ccccc3)nc12,1,Probes & drugs
O=C(O[C@H]1C[N+]2(CCCOc3ccccc3)CCC1CC2)C(c1cccs1)c1cccs1,1,Probes & drugs
C1CC1,1,Probes & drugs
c1ccc(C(c2ccccc2)N2CCN(c3ncncn3)CC2)cc1,1,Probes & drugs
O=C1/C(=C2\Nc3ccccc3C2=O)Nc2ccccc21,1,Probes & drugs
c1ccc(Nc2ccc3ncc(-c4cn[nH]c4)nc3c2)cc1,1,Probes & drugs
c1cnc(-n2cccn2)nc1,1,Probes & drugs
c1cncc(CN2CCC(=C3c4ccccc4CCc4cccnc43)CC2)c1,1,Probes & drugs
C1=COCCC1,1,Probes & drugs
O=C(Nc1ccc2[nH]ccc2c1)C1(c2ccc3c(c2)OCO3)CC1,1,Probes & drugs
c1cncc(-c2ccc3c(c2)[nH]c2ccncc23)c1,1,Probes & drugs
O=c1[nH]c2ccccc2cc1CNc1ccc[nH]c1=O,1,Probes & drugs
O=C1C=C2C=C[C@@H]3[C@H](CCC4[C@H]3CC[C@@]43CCC(=O)O3)C2CC1,1,Probes & drugs
CCOP(=O)(OCC)SCC[N+](C)(C)C,1,Probes & drugs
c1ccc(-c2cnc3ncncc3n2)cc1,1,Probes & drugs
O=c1[nH]nc2c3c(cccc13)N[C@H](c1ccccc1)[C@H]2c1ncn[nH]1,1,Probes & drugs
O=c1ccn(-c2cccc(-c3ccc4ccccc4c3)c2)c(=O)[nH]1,1,Probes & drugs
c1ccc(Oc2ccc(-c3cc4n(n3)[C@H](C3CCNCC3)CCN4)cc2)cc1,1,Probes & drugs
c1ccc(N2CCN(CCc3nnc4n3C[C@@H]3CCC[C@H]43)CC2)cc1,1,Probes & drugs
O=C1C=CC(OC(=O)C2CC2)C1,1,Probes & drugs
O=C1NN=C2CN3CCCC3c3[nH]c4cccc1c4c32,1,Probes & drugs
C(=C/c1cccnc1)\c1ccccc1,1,Probes & drugs
C1=C(c2cnsn2)CNCC1,1,Probes & drugs
O=C(c1ccccc1)N1CCn2c(nnc2-c2ncns2)C1,1,Probes & drugs
CC(=O)N(O)CCCCCNC(=O)CCC(=O)N(O)CCCCCNC(=O)CCC(=O)N(O)CCCCCN,1,Probes & drugs
c1ccc(Oc2cccc3c2CCC3)cc1,1,Probes & drugs
c1ccc(-c2ccc(CC(Cn3cnnn3)c3ccccc3)nc2)cc1,1,Probes & drugs
C1=C[C@H]2CC[C@H]2C1,1,Probes & drugs
c1ccc2c(c1)CCC(CCNCCC1CCc3ccccc3O1)O2,1,Probes & drugs
O=C1Nc2ccccc2C(C#CC2CC2)O1,1,Probes & drugs
O=C(Nc1cccc([C@H](NCC2CC2)c2ccccc2)c1)c1ccnn1-c1ccccc1,1,Probes & drugs
O=C(N[C@@H]1C(=O)N2CCS[C@H]12)C1CCCCC1,1,Probes & drugs
O=c1oc2c(c(=O)n1-c1ccccn1)NS(=O)(=O)c1ccccc1-2,1,Probes & drugs
c1ccn2nccc2c1,1,Probes & drugs
c1ccc(C2CC3CCC2C3)cc1,1,Probes & drugs
O=C(Nc1ccccc1)[C@@H]1C[C@H](SC2=CN3C(=O)C[C@H]3C2)CN1,1,Probes & drugs
O=c1nc(-c2cccc(S(=O)(=O)NCCC3CCCN3)c2)[nH]c2cn[nH]c12,1,Probes & drugs
CCCCC(CC)COC(=O)CC(C(=O)OCC(CC)CCCC)S(=O)(=O)O,1,Probes & drugs
O=C(Nc1ccccc1C(=O)Nc1ccccn1)c1ccccc1,1,Probes & drugs
c1ccc([C@@H]2C[C@H]3CC[C@@H](C2)N3)cc1,1,Probes & drugs
c1ccc([C@@H]2CCc3ccccc3O2)cc1,1,Probes & drugs
O=C1C(CC[SH+]c2ccccc2)C(=O)N(c2ccccc2)N1c1ccccc1,1,Probes & drugs
O=C(Nc1ccc(C(=O)N2CCc3nc[nH]c3-c3ccccc32)cc1)c1ccccc1-c1ccccc1,1,Probes & drugs
O=C(Cc1ccccc1)Nc1ccc2cnccc2c1,1,Probes & drugs
O=C(CN1CCNCC1)Nc1ccc(N=C(c2ccccc2)c2c[nH]c3ccccc23)cc1,1,Probes & drugs
O=C1C=CC2C3=CC(=O)[C@H]4C(CCC5CCCC[C@H]54)C3CC[C@H]2C1,1,Probes & drugs
C1=CCOCc2cc(ccc2OCCN2CCCC2)Nc2nccc(n2)-c2cccc(c2)COC1,1,Probes & drugs
c1ccn2ccnc2c1,1,Probes & drugs
O=C1CC[C@@H](C(=O)N[C@@H](Cc2c[nH]cn2)C(=O)N2CCCC2)N1,1,Probes & drugs
O=c1cc2c(c(Nc3ccccc3)[nH]1)c(=O)n(C1CC1)c(=O)n2-c1ccccc1,1,Probes & drugs
O=C(CCCN1CCN2Cc3[nH]c4ccccc4c3CC2C1)c1ccccc1,1,Probes & drugs
c1ccc([C@@H]2CCNC[C@H]2COc2ccc3c(c2)OCO3)cc1,1,Probes & drugs
c1ccc(CCN2CCC(Nc3nc4ccccc4n3Cc3ccccc3)CC2)cc1,1,Probes & drugs
O=C(CNS(=O)(=O)c1cccc2c1NCCC2)N1CCCCC1,1,Probes & drugs
O=C(C(=O)N1CCN(C(=O)c2ccccc2)CC1)c1c[nH]c2c(-n3cncn3)nccc12,1,Probes & drugs
c1cc(Oc2ccc3[nH]ccc3c2)c2ccc(OCC3CC3)cc2n1,1,Probes & drugs
O=C(COc1ccc2c(c1)S(=O)(=O)CCCN2c1ccccc1)NCc1ccccc1,1,Probes & drugs
O=C(N[C@H](Cc1ccc2[nH]ncc2c1)C(=O)N1CCN(C2CCNCC2)CC1)N1CCC(c2cc3ccccc3[nH]c2=O)CC1,1,Probes & drugs
c1ccc2c(c1)C[NH2+]C2,1,Probes & drugs
c1ncc2nc[nH]c2n1,1,Probes & drugs
c1ccc(C2CNCCc3ccccc32)cc1,1,Probes & drugs
O=C1OC[C@H]2[C@@H](/C=C/c3ccc(-c4ccccc4)cn3)[C@@H]3CCCC[C@H]3C[C@@H]12,1,Probes & drugs
c1ccc(Cn2ccnn2)cc1,1,Probes & drugs
O=c1[nH]c2cscc2c(=O)n1-c1cccc(OCc2ccccc2)c1,1,Probes & drugs
c1cncc(CN2C3CC2CN(c2ccc(-c4cccn5nccc45)cn2)C3)c1,1,Probes & drugs
O=c1c(-c2ccccc2)c(Cn2nc(-c3ccccc3)c3cncnc32)oc2ccccc12,1,Probes & drugs
c1ccc(C2(c3ccccc3)CC2C2=NCCN2)cc1,1,Probes & drugs
O=C1OC(=O)C2C1[C@@H]1CC[C@H]2O1,1,Probes & drugs
c1ccc(C2=NCc3nccn3-c3ccccc32)nc1,1,Probes & drugs
O=C(Nc1n[nH]c2ccc(Cc3ccccc3)cc12)c1ccc(N2CCNCC2)cc1NC1CCOCC1,1,Probes & drugs
O=C1N(Cc2ccccc2)C2C[S+]3CCCC3C2N1Cc1ccccc1,1,Probes & drugs
O=C(N[C@H](CCN1CC[C@@H]2CCCC[C@@H]2C1)CSc1ccccc1)c1ccccc1,1,Probes & drugs
O=S(=O)(Nc1nc(-c2ccnc(-c3nnn[nH]3)c2)ncc1Oc1ccccc1)c1ccccn1,1,Probes & drugs
O=C(Nc1cc(Nc2cccc(-c3nc[nH]n3)c2)cnn1)C1CC1,1,Probes & drugs
O=C(c1ccccc1-n1nccn1)N1CCCN(c2nc3ccccc3o2)CC1,1,Probes & drugs
c1ccc2c(c1)CC(N1CCNCC1)c1ccccc1S2,1,Probes & drugs
C=C(C(=C)c1ccccc1)c1ccccc1,1,Probes & drugs
C1CCC(OC2CCCC(OC3CCCCO3)C2)OC1,1,Probes & drugs
O=C1CCc2cncnc2N1Cc1ccc(-c2ccccc2-c2nnn[nH]2)cc1,1,Probes & drugs
O=C(N1C2CCC1CNC2)[C@]12C[C@H]1c1ccccc1-c1c(C3CCCCC3)c3ccccc3n1C2,1,Probes & drugs
C1=CC(c2cccc3nonc23)C=CN1,1,Probes & drugs
c1ccc(-c2cc3cc(Cn4cnc(C5CC5)c4)ccc3o2)cc1,1,Probes & drugs
O=C(C=Cc1ccccc1)O[C@H]1CC[C@H]2C[C@@H]3c4[nH]c5ccccc5c4CCN3C[C@H]2C1,1,Probes & drugs
O=C(NCc1ccccc1)c1cn2c(cc1=O)C(=O)N1CCCO[C@H]1C2,1,Probes & drugs
c1ccc2c(c1)N=c1sccc1=C(N1CCNCC1)N2,1,Probes & drugs
O=C(CN[C@H]1CCc2ccccc2C1)Nc1c[nH]cn1,1,Probes & drugs
O=C(Nc1ccc(-c2cnco2)cc1)Nc1cccc(CNC(=O)O[C@H]2CCOC2)c1,1,Probes & drugs
O=C1C[C@@H](Cc2cnc[nH]2)CO1,1,Probes & drugs
O=C(c1ccccc1)N1CS(=O)(=O)c2ccccc21,1,Probes & drugs
O=c1cc[nH]c2nc(N3CCCC3)ncc12,1,Probes & drugs
O=C(Cc1ccc(-c2ccccc2)cc1)Nc1ccccn1,1,Probes & drugs
c1ccc(CCNCCCCCCOCCOCc2ccccc2)cc1,1,Probes & drugs
O=C(Cc1ccc2c(c1)OCO2)c1sccc1S(=O)(=O)Nc1ccno1,1,Probes & drugs
C1=NN=C(c2ccccc2)c2ccccc2C1,1,Probes & drugs
c1ccc(CN2CCNCC2)cc1,1,Probes & drugs
CCCC(C)(COC(N)=O)COC(N)=O,1,Probes & drugs
C1CCC2(CC1)OCCO2,1,Probes & drugs
c1ccc(OCCn2cccc2-c2ccccc2)cc1,1,Probes & drugs
O=c1nc(N2CCNCC2)c2ccc(-c3ccccc3)nc2n1-c1cccnc1,1,Probes & drugs
O=c1ccc([C@H]2CCC3C2CC[C@@H]2C4CC[C@H](O[C@H]5CCCCO5)C=C4CC[C@@H]32)co1,1,Probes & drugs
C1COC[C@H](C[C@H]2CO2)C1,1,Probes & drugs
c1ccc2oncc2c1,1,Probes & drugs
C1=CC(C2CC2)Oc2cccc(Cc3cncnc3)c21,1,Probes & drugs
O=c1ccc2c(CCNC3Cc4ccccc4C3)cccc2[nH]1,1,Probes & drugs
c1ccc(Cc2cccc([C@]34CCCC(CO3)O4)c2)cc1,1,Probes & drugs
c1ccc(-c2nc(Nc3ccc4[nH]ncc4c3)c3ccccc3n2)cc1,1,Probes & drugs
c1ccc(-n2nc3ccccc3n2)cc1,1,Probes & drugs
c1ccc(N=c2cc[nH]c3cc(-c4coc(CN5CCNCC5)c4)ccc23)cc1,1,Probes & drugs
c1ccc2c(c1)N[C@H]1ONCCC21,1,Probes & drugs
O=C(O)[C@@H](S)[C@@H](S)C(=O)O,1,Probes & drugs
O=c1ccn(C2CCCO2)c(=O)[nH]1,1,Probes & drugs
O=C1CCCCO1,1,Probes & drugs
c1ccc(-c2cccc(-c3ccc(N4CCCC4)cc3)c2)cc1,1,Probes & drugs
c1cc(C2CCCC2)ccc1COc1ccc2[nH]c3c(c2c1)CCC3,1,Probes & drugs
c1cc(N2CCCCC2)nc[nH+]1,1,Probes & drugs
O=c1[nH]cnc2[nH]ncc12,1,Probes & drugs
O=C(Cc1ccccc1)OC1C[C@@H]2[NH2+][C@H](C1)[C@H]1O[C@H]12,1,Probes & drugs
C=C(c1ccccc1)c1cccnc1,1,Probes & drugs
O=C1NC2CCCCN2C12CCN(CCCN1c3ccccc3CCc3ccccc31)CC2,1,Probes & drugs
O=C1NC(=O)C(Cc2ccc(OCCNc3cc(Oc4ccccc4)ncn3)cc2)S1,1,Probes & drugs
c1ccc(C(c2ccccc2)c2ccccc2)cc1,1,Probes & drugs
O=C(NCc1ccccc1)N1CC[C@H](N2CCNCC2)C[C@@H]1c1ccccc1,1,Probes & drugs
O=S(=O)(Nc1cnc2ccccc2n1)c1ccccc1,1,Probes & drugs
S=C(SSC(=S)N1CCCCC1)N1CCCCC1,1,Probes & drugs
c1csc(CCN[C@H]2CCc3ccccc3C2)c1,1,Probes & drugs
c1ccc(-c2ccncn2)cc1,1,Probes & drugs
O=C1c2cc[nH]c2CCC1CN1CCOCC1,1,Probes & drugs
O=C1NCC(COc2ccccc2)O1,1,Probes & drugs
O=C1N(Cc2ccc(-c3ccccc3S(=O)(=O)Nc3ccon3)cc2)C=NC12CCCC2,1,Probes & drugs
O=C(NCCc1ccccc1)c1ccc2c(c1)CCN(C(=O)c1ccc3ccoc3c1)C2,1,Probes & drugs
c1cncc(N2CCc3ncnc(N[C@H]4CCNC4)c3C2)c1,1,Probes & drugs
c1ccc(Nc2ccc(/N=N/c3cccc4ccccc34)c3ccccc23)cc1,1,Probes & drugs
C1C[C@@H]2CCC3OO[C@@]24[C@@H](C1)CCO[C@@H]4O3,1,Probes & drugs
c1ccc(Cn2ccnc2)cc1,1,Probes & drugs
O=C(NC1CCNCC1)[C@@H]1CC[C@@H]2CN1C(=O)N2,1,Probes & drugs
c1ccc(CCOCC2CC2)cc1,1,Probes & drugs
c1ccc(Cc2cnc[nH]2)cc1,1,Probes & drugs
C1=Cc2ccccc2Cc2ccccc21,1,Probes & drugs
FCOC(C(F)(F)F)C(F)(F)F,1,Probes & drugs
c1ccc(Nc2ncnc3cc4c(cc23)OCCOCCOCCO4)cc1,1,Probes & drugs
c1ccc(OCc2cccnc2-c2ccn[nH]2)cc1,1,Probes & drugs
C1OC2OC[C@H]3OCO[C@H]3[C@@H]2O1,1,Probes & drugs
O=C(Nc1cccc(-n2ccnc2)c1)c1cccc(Nc2nccc(-c3cnccn3)n2)c1,1,Probes & drugs
c1ccc2c(N3CCc4c(nc(OC[C@@H]5CCCN5)nc4N4CCNCC4)C3)cccc2c1,1,Probes & drugs
C(=C1\NCCc2ccccc21)\c1ccccc1,1,Probes & drugs
c1cc2c3c(c1)O[C@H]1CCCC4[C@@H](C2)N(CC2CCC2)CC[C@@]341,1,Probes & drugs
c1ccc2c(c1)[nH]c1cc3cc[nH+]cc3cc12,1,Probes & drugs
O=C(OCCN(Cc1ccccc1)c1ccccc1)C1=CNC=C(P2(=O)OCCCO2)C1c1ccccc1,1,Probes & drugs
c1ccc(Cc2cnc(N3CCN(c4ncnn5cc(-c6cn[nH]c6)cc45)CC3)nc2)cc1,1,Probes & drugs
c1cc(NC2=NCCN2)c2nsnc2c1,1,Probes & drugs
c1ncc(C[n+]2ccsc2)cn1,1,Probes & drugs
c1ccc(C[N+]2(CCOCCC3CCC4CC3C4)CCOCC2)cc1,1,Probes & drugs
c1ccc(Nc2nccc(Oc3ccccc3)n2)cc1,1,Probes & drugs
c1ccc2c(c1)OCC[C@@H]2Oc1cccc2nc[nH]c12,1,Probes & drugs
O=c1ccc2cc3ccoc3cc2o1,1,Probes & drugs
N=C(C(=O)N[C@@H]1C(=O)N2C=C(Sc3nc(-c4cc[nH+]cc4)cs3)CS[C@H]12)c1ncsn1,1,Probes & drugs
O=C(CCCCCc1ccccc1)C[C@@H]1CCC([C@H]2CCCCO2)O1,1,Probes & drugs
N=C(NCCCCCCNC(=N)NC(=N)Nc1ccccc1)NC(=N)Nc1ccccc1,1,Probes & drugs
C1CCN2C[C@@H]3C[C@@H](CN4CCCC[C@@H]34)[C@H]2C1,1,Probes & drugs
O=C1CNC(=O)N1,1,Probes & drugs
O=C1C=CC=CCCCCCCCCC=COC2Oc3ccc4cc(ccc4c3C2=O)N1,1,Probes & drugs
c1cc2c(c[nH+]c3c4cc5c(cc4ccc23)OCO5)c2c1OCO2,1,Probes & drugs
O=C1CCCCOC(=O)C[C@@H](O[C@H]2CCCCO2)C[C@@H](O[C@H]2CCCCO2)CCC1,1,Probes & drugs
c1ccc(-c2nn[nH]n2)c(-c2ccc(Cn3cncn3)cn2)c1,1,Probes & drugs
O=C1C[C@H]2OCC(CSc3nnn[nH]3)=CN12,1,Probes & drugs
C(=C/c1ccc2ccccc2[nH+]1)\c1ccn(-c2ccccc2)c1,1,Probes & drugs
C(CC[NH+]1CCCC1)CC[NH+]1CCCC1,1,Probes & drugs
CC(/C=N/NC(=N)N)=N\NC(=N)N,1,Probes & drugs
O=c1ccc2ccc(OCCCCN3CCN(c4cccc5sccc45)CC3)cc2[nH]1,1,Probes & drugs
O=C(O)CN(CCN(CC(=O)O)CC(=O)O)CCN(CC(=O)O)CC(=O)O,1,Probes & drugs
O=c1[nH]/c(=N\c2ccc3n[nH]cc3c2)n(Cc2ccccc2)c(=O)n1Cc1nc[nH]n1,1,Probes & drugs
c1ccc([C@]2(Cn3cncn3)OC[C@@H](COc3ccc(N4CCNCC4)cc3)O2)cc1,1,Probes & drugs
C1C[C@H]2CC[C@@H]1C2,1,Probes & drugs
c1ccc(OC(c2ccccc2)C2CNCCO2)cc1,1,Probes & drugs
C1=C2CC[C@H]3[C@@H]4CCCC4CC[C@@H]3C2CCC1,1,Probes & drugs
O=C1/C=C\C=C\CCCCCCCC/C=C/OC2Oc3ccc4cc(ccc4c3C2=O)N1,1,Probes & drugs
O=C1CCC2COc3ccccc3C2C1,1,Probes & drugs
C=C1CCCC/C1=C/C=C1\CCCC2CCCC12,1,Probes & drugs
O=C1c2ccccc2C(=O)c2cc3c(cc21)CCC[C@@H]3OC1CCCCO1,1,Probes & drugs
O=C(Cc1ccccc1)OC1C[C@H]2CC[C@@H](C1)[NH2+]2,1,Probes & drugs
c1cc[n+](COC[n+]2ccccc2)cc1,1,Probes & drugs
FC(F)(F)C(F)(F)C(F)(F)C(F)(F)C(F)(F)C(F)(F)C(F)(F)C(F)(F)Br,1,Probes & drugs
O=[N+]([O-])OCC(CO[N+](=O)[O-])(CO[N+](=O)[O-])CO[N+](=O)[O-],1,Probes & drugs
C1=C(/C=C/C=C/C=C/C=C/C=C/C=C/C=C/C=C/C=C/C2=CCCCC2)CCCC1,1,Probes & drugs
N[C@@H](CCC(=O)N[C@@H](CS)C(=O)NCC(=O)O)C(=O)O,1,Probes & drugs
C1CCC2CCCCC2C1,1,Probes & drugs
CCCCCCCCCC[N+](C)(C)CCCCCCCCCC,1,Probes & drugs
O1[As]2O[As]3O[As]1O[As](O2)O3,1,Probes & drugs
O=C(Nc1cccc(C(NCC2CC2)c2ccccc2)c1)c1ccnn1-c1ccccc1,1,Probes & drugs
C1CCC(C(CC2CCCCN2)C2CCCCC2)CC1,1,Probes & drugs
O=C1C=C2CCC3C4CCCC4CCC3C2CC1,1,Probes & drugs
C1=C\COCc2cc(ccc2OCCN2CCCC2)Nc2nccc(n2)-c2cccc(c2)COC/1,1,Probes & drugs
c1ccc(Oc2ccc(-c3cc4n(n3)C(C3CCNCC3)CCN4)cc2)cc1,1,Probes & drugs
c1ccc2c(c1)CC1CC2CCN1,1,Probes & drugs
O=C1CC2CCCN3CCc4c(n1c1ccccc41)[C@@H]23,1,Probes & drugs
c1ccc2c(c1)N[C@H]1[C@@H]3C[C@H]4CCN3[C@H]3C[C@@]21C[C@@H]43,1,Probes & drugs
O=C(O[C@@H]1C[C@@H]2[NH2+][C@H](C1)[C@H]1O[C@H]12)C(c1cccs1)c1cccs1,1,Probes & drugs
c1ccc(C2COc3ccccc3C2c2ccc(OCCN3CCCC3)cc2)cc1,1,Probes & drugs
O=C(OCCNCc1ccccc1)C1=CNC=C[C@@H]1c1ccccc1,1,Probes & drugs
c1ccc(CS[C@@H](Cn2ccnc2)c2ccccc2)cc1,1,Probes & drugs
O=C(OC1CCCN(Cc2ccccc2)C1)C1=CNC=CC1c1ccccc1,1,Probes & drugs
c1ccc(C2(Cn3cncn3)OCC(COc3ccc(N4CCNCC4)cc3)O2)cc1,1,Probes & drugs
O=C(Cc1ccccc1)NC1C(=O)N2CCSC12,1,Probes & drugs
c1ccc(C2CCc3ccccc3C2c2ccc(OCCN3CCCC3)cc2)cc1,1,Probes & drugs
c1ccc2c(c1)Oc1ccccc1C1CNCC21,1,Probes & drugs
C1C[C@@H]2CC[C@H](C1)[NH2+]2,1,Probes & drugs
C1OC2(CS1)CN1CCC2CC1,1,Probes & drugs
O=C(NC1OC2[C@@H]3CCCN3C(=O)[C@H](Cc3ccccc3)N2C1=O)[C@H]1CN[C@@H]2Cc3c[nH]c4cccc(c34)C2C1,1,Probes & drugs
c1ccc(C(OC2C[C@H]3CC[C@@H](C2)N3)c2ccccc2)cc1,1,Probes & drugs
c1ccc2c(c1)CC[C@@H](CCNCC[C@H]1CCc3ccccc3O1)O2,1,Probes & drugs
c1csc(CCNC2CCc3ccccc3C2)c1,1,Probes & drugs
O=C(N[C@@H](CCN1[C@@H]2CC[C@H]1C[C@@H](n1cnnc1)C2)c1ccccc1)C1CCCCC1,1,Probes & drugs
O=c1c(-n2ccnn2)c[nH]n1-c1cc(N2CCOCC2)ncn1,1,Probes & drugs
O=C(Nc1ccccn1)c1ccc2[nH]c(CNc3ccccc3)nc2c1,1,Probes & drugs
O=S1(=O)CCC[C@H](c2ccc(OCc3ccc(C[N+]45CCN(CC4)CC5)cc3)cc2)c2ccccc21,1,Probes & drugs
C1CO1,1,Probes & drugs
O=C(NC1=Nc2cc(OCCCN3CCOCC3)ccc2C2=NCCN12)c1cncnc1,1,Probes & drugs
O=C1c2cc(=O)ccn2N([C@H]2c3ccccc3CSc3ccccc32)[C@@H]2COCCN12,1,Probes & drugs
O=c1cc(Cc2ccccc2)[nH]c(=S)[nH]1,1,Probes & drugs
O=c1[nH]cnc2c1NCCN2,1,Probes & drugs
c1ccc(CCCN2CCOCC2)cc1,1,Probes & drugs
c1ccc2sc(SNC3CCCCC3)nc2c1,1,Probes & drugs
O=C1NC(=O)C(C2=CCCCCC2)C(=O)N1,1,Probes & drugs
c1ccc2c(CCC3CCNCC3)c[nH]c2c1,1,Probes & drugs
C[N+](C)(C)C[C@H](O)CC(=O)[O-],1,Probes & drugs
c1cc(CCCOc2ccc(-c3ncon3)cc2)on1,1,Probes & drugs
c1ccc2c(c1)ccc1ccccc12,1,Probes & drugs
c1ccc(-c2cc3ccccc3o2)cc1,1,Probes & drugs
O=C(Nc1c[nH]c(C(=O)Nc2cc[nH]c2)c1)c1ccc[nH]1,1,Probes & drugs
O=C1CN(/N=C/c2ccc(-c3ccccc3)o2)C(=O)N1,1,Probes & drugs
O=c1cc2oc3ccccc3nc-2c2cccnc12,1,Probes & drugs
c1cncc(CNc2ccc(Cc3c[nH]c4ncccc34)cn2)c1,1,Probes & drugs
O=C1OC(CCc2ccccc2)CC=C1Cc1cccc(NS(=O)(=O)c2ccccn2)c1,1,Probes & drugs
c1ccc(-c2cccnc2-c2cccnc2)cc1,1,Probes & drugs
C1CSSC1,1,Probes & drugs
O=C(CC12CC3CC(CC(C3)C1)C2)N1CC[C@@H]2C[C@@H]21,1,Probes & drugs
O=C(NC1CCC1)[C@H](c1ccccc1)N(C(=O)[C@@H]1CCC(=O)N1c1ccccn1)c1cccnc1,1,Probes & drugs
O=c1nc[nH]c2c([C@H]3CCCN3)c[nH]c12,1,Probes & drugs
O=C1CC2CCCN3CCc4c(n1c1ccccc41)[C@H]23,1,Probes & drugs
O=C(CCc1ccccc1)N(Cc1ccccc1)Cc1nc(-c2ccccc2)c[nH]1,1,Probes & drugs
C(=C/c1nc(C2CCC2)cs1)\c1ccccc1,1,Probes & drugs
O=c1c(N=Nc2cccc(-c3ccco3)c2)c[nH]n1-c1ccc2c(c1)CCCC2,1,Probes & drugs
C1CCC2(C1)[C@H]1CN(CC3CC3)C[C@@H]2CN(CC2CC2)C1,1,Probes & drugs
O=C(OCc1coc(=O)o1)C1=C([C@H]2CCCO2)S[C@@H]2CC(=O)N12,1,Probes & drugs
O=S1(=O)OC(c2ccccc2)(c2ccccc2)c2ccccc21,1,Probes & drugs
O=C1CC2(C=C3C=CC=C13)CC2,1,Probes & drugs
O=C1CCC(c2ccc3[nH]c(-c4ccccc4)nc3c2)=NN1,1,Probes & drugs
O=C(NS(=O)(=O)c1cn[nH]c1)c1ccc(-n2cccn2)nc1N1CCCC1,1,Probes & drugs
O=C1CN=C(c2ccccc2)c2c(sc3c2CCCC3)N1,1,Probes & drugs
O=S(=O)(c1cccc2cnccc12)N1CCCNCC1,1,Probes & drugs
O=C(NC1CCN(CC2CC=CCC2)CC1)c1ccccc1,1,Probes & drugs
CC(=O)O[Al](O)OC(C)=O,1,Probes & drugs
c1ccc2c(c1)ccc[n+]2CCCCCCCCCC[n+]1cccc2ccccc21,1,Probes & drugs
O=C(Nc1cnn2ccc(N3CCC[C@@H]3c3ccccc3)nc12)N1CCCC1,1,Probes & drugs
O=C1CCC(N2Cc3ccccc3C2=O)C(=O)N1,1,Probes & drugs
C=C1CCCC/C1=C/C=C1\CCCC2[C@@H](C/C=C/CC3CC3)CC[C@@H]12,1,Probes & drugs
C(=N/c1ccccc1)\N/C=N/c1ccccc1,1,Probes & drugs
O=C(CNC(=O)[C@@H]1[C@H]2CCC[C@H]2CN1C(=O)CNC(=O)[C@@H](NC(=O)c1cnccn1)C1CCCCC1)C(=O)NC1CC1,1,Probes & drugs
C1=CC2=CCCC[C@@H]2CC1,1,Probes & drugs
O=c1c(-c2ccccc2)cn(Cc2ccccc2)c(=O)n1CCc1ccccc1,1,Probes & drugs
O=C1C=CC2[C@H]3CCC4CCC[C@H]4[C@@H]3CC[C@H]2N1,1,Probes & drugs
O=C1C=CN(c2ccc(N3C[C@H](CNc4ccon4)OC3=O)cc2)CC1,1,Probes & drugs
O=c1[nH]ncn1-c1ccc(N2CCN(c3ccc(OCC4COC(Cn5cncn5)(c5ccccc5)O4)cc3)CC2)cc1,1,Probes & drugs
c1ccc(SSc2cccc[nH+]2)[nH+]c1,1,Probes & drugs
c1ccc2cc(-c3ccc4ccccc4c3)ccc2c1,1,Probes & drugs
C1=NCC2c3ccccc3Cc3ccccc3N12,1,Probes & drugs
c1ccc2c(Nc3cc(CN4CCCC4)cc(CN4CCCC4)c3)c3ncccc3nc2c1,1,Probes & drugs
c1cnc2cc3c(cc2n1)C1CNCC3C1,1,Probes & drugs
c1cnc2ncnn2c1,1,Probes & drugs
N=C1CCCN1Cc1cc(=O)[nH]c(=O)[nH]1,1,Probes & drugs
O=C1O[C@@H]2C[C@H]1C1C[C@H]3O[C@]34C(=O)O[C@H]2C14,1,Probes & drugs
C1=C[C@H]2c3ccccc3OC[C@@H]2CC1,1,Probes & drugs
O=C([C@@H]1C[C@H](N2CCN(c3ccnn3-c3ccccc3)CC2)CN1)N1CCSC1,1,Probes & drugs
O=C1C=C[C@]2(CC1)Oc1ccccc1C2=O,1,Probes & drugs
O=C(Oc1ccccc1)c1ccco1,1,Probes & drugs
O=C(N/N=C/c1ccccc1)c1ccncc1,1,Probes & drugs
O=c1ccn(C2CC2)c2cc(N3CCC4(CC4)C3)ccc12,1,Probes & drugs
C=C1C=NCC(=O)OCCC=NCC=NCC=N1,1,Probes & drugs
c1ccc2c(-n3cnnc3)ccc(C3CC3)c2c1,1,Probes & drugs
C(#CC(c1ccccc1)c1ccccc1)CN1CCCC1,1,Probes & drugs
O=[PH](OC[C@@H]1CCC(c2ccc3cncnn23)O1)Oc1ccccc1,1,Probes & drugs
O=C1C=CC(=C2N=C(c3ccc[nH+]c3)NO2)C=C1,1,Probes & drugs
c1cc(Cc2cc3ccccc3s2)cc([C@H]2CCCCO2)c1,1,Probes & drugs
C=C1C[C@@H]2CC[C@@]34C[C@H]5O[C@H]6[C@@H](O3)[C@H]3O[C@H](CC[C@@H]3O[C@H]6[C@H]5O4)CC(=O)C[C@@H]3CCO[C@H]3C[C@H]3O[C@H](CCC3=C)CC[C@@H]1O2,1,Probes & drugs
C(=C/C=C1\Nc2ccccc2S1)\C=C\c1[nH+]c2ccccc2s1,1,Probes & drugs
NCCCC(N)(C(=O)O)C(F)F,1,Probes & drugs
O=C1CCCCCCC2O[C@H]2C[C@@H](C=Cc2cscn2)NC(=O)CCC1,1,Probes & drugs
O=C1NCC2(CCCCC2)n2c1cc1cnc(Nc3ccc(N4CCNCC4)cn3)nc12,1,Probes & drugs
c1cnccn1,1,Probes & drugs
c1cc(N=C2NCCN2)cs1,1,Probes & drugs
O=C1CCCCN1CCCC(=O)N1CCc2cncnc2C1,1,Probes & drugs
C(#Cc1ccccn1)c1ccc2c(c1)CCCS2,1,Probes & drugs
c1ccc(-c2nc(-c3cccc4c3CCC4)no2)cc1,1,Probes & drugs
c1coc(CNc2ncnc3[nH]cnc23)c1,1,Probes & drugs
O=c1cn[nH]c2cc3c(cc12)OCO3,1,Probes & drugs
c1ccc(Nc2ccnc(Nc3ccc(N4CCC(N5CCNCC5)CC4)cc3)n2)cc1,1,Probes & drugs
O=C1O[C@H]([C@@H]2NCCc3cc4c(cc32)OCO4)c2ccccc21,1,Probes & drugs
O=C1OCC(c2ccccc2)=C1OCC1CC1,1,Probes & drugs
O=C(NC1CC2CCCC(C1)N2)c1n[nH]c2ccccc12,1,Probes & drugs
O=C1NCC2(CCN(CCc3ccccc3)CC2)O1,1,Probes & drugs
O=C(Nc1ccccc1)c1c[nH]c2ccccc2c1=O,1,Probes & drugs
c1ccc2c(c1)C[C@H]1CCC[C@H]1C2,1,Probes & drugs
O=C(Nc1ccccc1)c1cc2ccccc2[nH]c1=O,1,Probes & drugs
O=C1/C(=C/c2ccccc2)C2CCC1C2,1,Probes & drugs
O=C(Oc1ccc2ccccc2c1)c1ccccc1,1,Probes & drugs
O=C1c2ccccc2C([C@H]2CCCCO2)c2ccccc21,1,Probes & drugs
O=C(Nc1ccccc1)c1c[nH]c(-c2ccccc2)c1,1,Probes & drugs
O=C1NCCOc2ccccc2CNc2ccn3ncc1c3n2,1,Probes & drugs
O=C(CCS(=O)(=O)c1ccccc1)Nc1ccccc1,1,Probes & drugs
c1ccc2c(c1)Cc1ccccc1N2,1,Probes & drugs
C1=C[C@H](n2cnc3c(NC4CC4)ncnc32)CC1,1,Probes & drugs
C(=C/c1cc2c(cc1Cn1cccn1)CCCC2)\c1ccccc1,1,Probes & drugs
O=[PH]1OC[C@H]2O[C@@H](n3cnc4cncnc43)C[C@@H]2O1,1,Probes & drugs
c1ccc(-n2ccnc2)cc1,1,Probes & drugs
O=c1cc(NCc2ccccc2)[nH]c(=O)[nH]1,1,Probes & drugs
O=C(OCCNC1CCCCC1)c1ccccc1,1,Probes & drugs
c1ccc(OCC2CNCCO2)cc1,1,Probes & drugs
O=c1c2cc(-c3ccccc3)sc2n(Cc2ccccc2)c(=O)n1-c1cccnn1,1,Probes & drugs
c1ccc([SH+]c2ccc3nc[nH]c3c2)cc1,1,Probes & drugs
O=c1ccc2cnc(Nc3ccc(C4CCNCC4)cn3)nc2n1C1CCCC1,1,Probes & drugs
O=C(O[C@H]1CN2CCC1CC2)N1CCc2ccccc2[C@@H]1c1ccccc1,1,Probes & drugs
O=C(NCC[NH2+]Cc1ccccc1)C(=O)NCC[NH2+]Cc1ccccc1,1,Probes & drugs
C[N+](C)(C)CCOC(=O)CCC(=O)OCC[N+](C)(C)C,1,Probes & drugs
O=C(NCC1CCCCN1)c1ccccc1,1,Probes & drugs
C(=C/c1cccc(O[C@H]2CCCCO2)c1)\c1ccccc1,1,Probes & drugs
O=C(NNCc1ccccc1)c1ccon1,1,Probes & drugs
c1csc(-c2cscn2)c1,1,Probes & drugs
C1CC[C@@H]2NCC[C@@H]2C1,1,Probes & drugs
O=C(NN1C(=O)[C@@H]2[C@@H]3C=C[C@@H]([C@H]4C[C@@H]34)[C@@H]2C1=O)c1ccccc1,1,Probes & drugs
O=C1C(=O)c2ccccc2C=C1C1CCC(c2ccccc2)CC1,1,Probes & drugs
O=c1ncccn1[C@@H]1CSCO1,1,Probes & drugs
c1ccc2c(c1)CCNCC2,1,Probes & drugs
O=C(c1c[nH]c2ccccc12)[C@@H]1CCc2nc[nH]c2C1,1,Probes & drugs
c1ccc(C2(N3CCCCC3)CCCCC2)cc1,1,Probes & drugs
c1ccc(-c2nccnc2-c2ccccc2)cc1,1,Probes & drugs
O=S(=O)(CCc1ccc2[nH]cc(C[C@H]3CCCN3)c2c1)c1ccccc1,1,Probes & drugs
O=C(O[C@@H]1CC[NH2+]C1)C(c1ccccc1)C1CCCC1,1,Probes & drugs
O=C(NN1CCCCC1)c1ccccc1,1,Probes & drugs
O=c1[nH]c(=O)c2[nH]c(/C=C/c3ccccc3)nc2[nH]1,1,Probes & drugs
S=C1SCN(Cc2ccccc2)CN1Cc1ccccc1,1,Probes & drugs
c1ccc2c(c1)CC(c1cnc[nH]1)C2,1,Probes & drugs
c1ccc(/N=N/c2cccnc2)cc1,1,Probes & drugs
O=C(OCCN1CCCCC1)c1cccc2c(=O)cc(-c3ccccc3)oc12,1,Probes & drugs
c1ccc(Nc2c3ccccc3nc3ccccc23)cc1,1,Probes & drugs
O=C1CCC(=O)c2ccccc21,1,Probes & drugs
O=c1c2ccccc2c(Cc2ccccc2)nn1C1CCCNCC1,1,Probes & drugs
O=S(=O)(c1ccc(Oc2ccncc2)cc1)N1CCSCC1,1,Probes & drugs
N=C(c1ccccc1)c1cccnc1,1,Probes & drugs
N=c1[nH][nH]c(=N)c2ccccc12,1,Probes & drugs
O=C(CNCC(=O)NCCc1ccccc1)NCCc1ccccc1,1,Probes & drugs
O=c1ccn(C2CC2)c2cc(-c3ccc4c(c3)CNC4)ccc12,1,Probes & drugs
O=c1occ(CN2CCN(c3ccc4c(=O)cc5n(c4c3)CS5)CC2)o1,1,Probes & drugs
O=C1CCS(=O)(=O)C(c2ccccc2)N1,1,Probes & drugs
CCCC(=O)OC(C(Cl)(Cl)Cl)P(=O)(OC)OC,1,Probes & drugs
O=C1CCC(=O)N1,1,Probes & drugs
c1ccc(COCC[N+]23CCC(C(c4ccccc4)c4ccccc4)(CC2)CC3)cc1,1,Probes & drugs
c1cnc(N2CCN(Cc3ccc4c(c3)OCO4)CC2)nc1,1,Probes & drugs
O=S(=O)(c1cccnc1)n1cccc1-c1ccccc1,1,Probes & drugs
O=C(CCc1ccccc1)N[C@H]1CCS[C@H]2CCCCN2C1=O,1,Probes & drugs
c1ccc(Cn2c3c(c4ccccc42)CCC3)cc1,1,Probes & drugs
O=C(Nc1ccc(-c2cn3c(n2)sc2cc(OCCN4CCOCC4)ccc23)cc1)Nc1ccon1,1,Probes & drugs
O=C(NCc1coc(-c2ccccc2)n1)c1ccccc1,1,Probes & drugs
O=C(Nc1nc(-c2ccccc2)cs1)c1ccccc1,1,Probes & drugs
c1cc(-c2cnc([C@@H]3CCCN3)[nH]2)ccc1-c1ccc(-c2cnc([C@@H]3CCCN3)[nH]2)cc1,1,Probes & drugs
O=C(CNC(=O)[C@@H](Cc1ccccc1)NC(=O)CCc1ccccc1)NCC(=O)N1CCCCC1,1,Probes & drugs
c1ccc(NC2Cc3ccccc3C2)cc1,1,Probes & drugs
O=S1(=O)Nc2ccccc2Cc2ccccc21,1,Probes & drugs
O=C(Nc1ccc2ncccc2c1)Nc1ccc2ncccc2c1,1,Probes & drugs
S=c1nc[nH]c2nc[nH]c12,1,Probes & drugs
c1ccc(OCn2ccnc2)cc1,1,Probes & drugs
O=C(Nc1ccccc1-c1ccccc1)OC1CCN(CCNC(=O)c2ccc(CN3CCCCC3)cc2)CC1,1,Probes & drugs
c1ccc(-n2ncc3c(-n4cnc(-c5cn[nH]c5)c4)ccnc32)cc1,1,Probes & drugs
c1ccc(CN(CCN2CCCC2)c2ccccc2)cc1,1,Probes & drugs
C(=C\c1cncn1Cc1ccccc1)\Cc1cccs1,1,Probes & drugs
c1ccc(OC[C@H]2CNCC[C@@H]2c2ccccc2)cc1,1,Probes & drugs
O=C1CC[C@@H](c2cccnc2)N1,1,Probes & drugs
c1ccc(-c2ncoc2-c2ccccc2)cc1,1,Probes & drugs
O=C1C[C@H]2CC=CN12,1,Probes & drugs
O=C1CN2C(=O)C=COC2(c2ccccc2)c2ccccc2N1,1,Probes & drugs
N=c1ccn2c(n1)O[C@H]1CCO[C@H]12,1,Probes & drugs
c1ccc(-c2ncon2)cc1,1,Probes & drugs
O=C(c1ccccc1Nc1ccccc1)N1CC([C@@H]2CCCCN2)C1,1,Probes & drugs
c1ccc(C(OC2CCNCC2)c2ccccc2)cc1,1,Probes & drugs
c1ccc2c(c1)C[C@H]1CCCN[C@@H]1C2,1,Probes & drugs
CC(C)(CCCCCC(O)CCCCCC(C)(C)C(=O)O)C(=O)O,1,Probes & drugs
O=c1c2ccccc2ncn1-c1ccccc1,1,Probes & drugs
O=C(CCc1c[nH]c2ccccc12)N1CCCC(Cc2ccccc2)C1,1,Probes & drugs
c1ccc(CCO[C@@H]2CCCC[C@H]2N2CCCC2)cc1,1,Probes & drugs
c1ccc2cnncc2c1,1,Probes & drugs
c1c[n+](N2CCOCC2)no1,1,Probes & drugs
O=C(c1cc2ccccc2[nH]1)N1CCN(c2ccccn2)CC1,1,Probes & drugs
c1ccc2c(c1)Cc1cccnc1O2,1,Probes & drugs
O=C(NCc1ccc(-c2cc[nH]n2)cc1)c1ccccc1,1,Probes & drugs
O=C1C(=O)c2ncccc2-c2cccnc21,1,Probes & drugs
c1ccc2c(c1)Oc1ccccc1[C@H]1CNC[C@H]21,1,Probes & drugs
CNC(=N)NCCC[C@H](N)C(=O)O,1,Probes & drugs
c1cn2cc(Cn3nnc4ncc(-c5cn[nH]c5)nc43)ccc2n1,1,Probes & drugs
O=C1NCC(c2ccccc2)=C1c1ccccc1,1,Probes & drugs
O=c1n(-c2ccc(Oc3ccccc3)cc2)c2cncnc2n1[C@@H]1CCNC1,1,Probes & drugs
S=c1cc(-c2ccccc2)ss1,1,Probes & drugs
O=C(NCc1ncccn1)c1cnc(N2CCCC2)nc1NCc1ccccc1,1,Probes & drugs
O=C1COC(c2ccccc2)=C1c1ccccc1,1,Probes & drugs
c1ccc(C2CCCCNC2)cc1,1,Probes & drugs
O=C(Cc1cscn1)Nc1ccc(CCNCCc2ccccc2)cc1,1,Probes & drugs
O=C(NCc1ccccc1)N(Cc1ccccc1)C1CCNCC1,1,Probes & drugs
C(=N/NC1=NCCN1)\c1c2ccccc2c(/C=N/NC2=NCCN2)c2ccccc12,1,Probes & drugs
O=C(Nc1cccc(C2=NCCN2)c1)Nc1cccc(C2=NCCN2)c1,1,Probes & drugs
NCCCCCC(O)(P(=O)(O)O)P(=O)(O)O,1,Probes & drugs
c1ccc(CN2CCc3ccsc3C2)cc1,1,Probes & drugs
O=C1CCCC(=O)N1,1,Probes & drugs
c1ccc2c(c1)Sc1ccccc1C2CC1CCCNC1,1,Probes & drugs
O=C(NC1CCCCC1)NS(=O)(=O)c1ccc(CCNC(=O)N2CC=CC2=O)cc1,1,Probes & drugs
c1ccc(CCCC[NH+]2CCCCC2)cc1,1,Probes & drugs
O=C(CCc1ccccc1)N[C@@H](Cc1c[nH]cn1)C(=O)N[C@H](CCC1CC1)CC1CCCCC1,1,Probes & drugs
O=C1OCc2ccccc21,1,Probes & drugs
O=C(c1ccccc1)n1ccc2ccccc21,1,Probes & drugs
O=C(Nc1ccccn1)C(=O)N[C@H]1CCCC[C@H]1NC(=O)c1nc2c(s1)CNCC2,1,Probes & drugs
c1cc(OCC2CO2)ccc1Cc1ccc(OCC2CO2)cc1,1,Probes & drugs
O=C1NC(=O)c2ccccc21,1,Probes & drugs
CC(=O)OCC(COC(C)=O)OC(C)=O,1,Probes & drugs
c1ccc(CCn2ncnn2)cc1,1,Probes & drugs
O=C1Nc2ccccc2C1=Cc1cccs1,1,Probes & drugs
C1=Nc2ccccc2C(c2ccccc2)O1,1,Probes & drugs
c1ccc2c(c1)Cc1ccccc1C1=C2CCNC1,1,Probes & drugs
c1ccc2[s+]c3ccccc3nc2c1,1,Probes & drugs
O=c1cc(CCc2ccccc2)n2[nH]cnc2c1,1,Probes & drugs
C1=C[C@@]23CCNCc4cccc(c42)O[C@H]3CC1,1,Probes & drugs
O=c1n(CCOc2ccccc2)cnn1CCCN1CCN(c2ccccc2)CC1,1,Probes & drugs
O=S1(=O)CCCc2ccccc21,1,Probes & drugs
O=C(Nc1ncc(-c2ccncc2)s1)N1CCCC1,1,Probes & drugs
O=C(Nc1ccccn1)c1ccc(-c2nc([C@@H]3CCCN3)n3ccncc23)cc1,1,Probes & drugs
c1ccc([C@H]2CNCCO2)cc1,1,Probes & drugs
c1ccc(CCN2CCC(Cc3ccccc3)CC2)cc1,1,Probes & drugs
O=C(Cc1cccs1)N[C@@H]1BOCCC1,1,Probes & drugs
c1ccc(CN(CCCOc2ccccc2)c2nc3ccccc3o2)cc1,1,Probes & drugs
c1ccc(NC2=NCCCS2)cc1,1,Probes & drugs
O=C(Nc1c[nH]n(-c2ccccc2)c1=O)c1cccnc1,1,Probes & drugs
O=c1ccc2ccccc2o1,1,Probes & drugs
c1ccc(-c2ccc(C(c3ccccc3)n3ccnc3)cc2)cc1,1,Probes & drugs
c1ccc2c(c1)CNCc1ccccc1-2,1,Probes & drugs
O=C(/C=C\n1cnc(-c2ccccc2)n1)NNc1cnccn1,1,Probes & drugs
O=C(OCCCCNCCc1ccccc1)c1ccccc1,1,Probes & drugs
c1ccc2c(CC3=NCCN3)csc2c1,1,Probes & drugs
O=c1ccccn1-c1ccccc1,1,Probes & drugs
N=C(c1ccccc1)c1ccccc1,1,Probes & drugs
c1ccc(OCCCN2CCC(Nc3nc4ccccc4s3)CC2)cc1,1,Probes & drugs
c1nc(Nc2ccc(Oc3ccn4ncnc4c3)cc2)c2cc(NC3=NCCO3)ccc2n1,1,Probes & drugs
c1nc(NC2CCC2)c2cc[nH]c2n1,1,Probes & drugs
c1ccc(Oc2cncnc2)cc1,1,Probes & drugs
c1ccc2sccc2c1,1,Probes & drugs
c1ccc(Nc2ncnc3ccc(OCCN4CC5(CC5)C5(C4)OCCO5)cc23)cc1,1,Probes & drugs
O=C1COc2c(cccc2C(=O)NC2CN3CCC2CC3)N1,1,Probes & drugs
c1ccc2cnccc2c1,1,Probes & drugs
c1ccc(C2CNCc3ccccc32)cc1,1,Probes & drugs
CCCCCCCCCCCCCCCCCCCCCC(=O)O,1,Probes & drugs
C=C1c2ccccc2Sc2ccccc21,1,Probes & drugs
O=C1CC[C@@H](C(=O)N2CCSC2)N1,1,Probes & drugs
O=C1[C@H]2C=CCC3CC=C[C@]13CC[C@H]1C[C@H]12,1,Probes & drugs
O=C1COc2c(CCNCCc3ccccc3)cccc2N1,1,Probes & drugs
O=c1ccc2c(-c3ccccc3)c3ccccc3oc-2c1,1,Probes & drugs
C=C1C[C@@H]2[C@H](CCC3C(=O)CC[C@H]32)C2C=CC(=O)C=C12,1,Probes & drugs
O=C(c1ccc(NS(=O)(=O)c2cccc3cccnc23)cc1)N1CCN(CC2CC2)CC1,1,Probes & drugs
c1ccc2c3c([nH]c2c1)CCCC3,1,Probes & drugs
O=c1[nH]c2ccccc2o1,1,Probes & drugs
c1ccc(N=Nc2ccccc2)cc1,1,Probes & drugs
O=c1cc(NCCNCCCc2ccccc2)[nH]c(=O)[nH]1,1,Probes & drugs
c1ccc(Oc2nc(Nc3ccc(N4CCNCC4)cc3)nc3ccsc23)cc1,1,Probes & drugs
C1CCC(O[C@@H]2OCC[C@H]2O[C@H]2CCCCO2)CC1,1,Probes & drugs
c1ccc(C2CCC2)cc1,1,Probes & drugs
c1ccc2c(c1)ncn2[C@@H]1CCCO1,1,Probes & drugs
O=C1CNC(=S)N1,1,Probes & drugs
c1ccc2c(C[C@H]3CC4CCN3CC4)ccnc2c1,1,Probes & drugs
O=C1C[C@@H]2OCC=C3CN4CC[C@]56c7ccccc7N1[C@H]5[C@H]2[C@H]3C[C@H]46,1,Probes & drugs
O=C1C[C@H](c2ccccc2)Sc2ccccc2N1,1,Probes & drugs
C=C1CCC2C3CC[C@H]4CCCCC4[C@@H]3CC[C@@H]12,1,Probes & drugs
O=c1[nH]ncc2ccccc12,1,Probes & drugs
O=C(c1ccccc1)c1ccc[nH]1,1,Probes & drugs
O=c1c(-c2ccccc2)cc(-c2ccccn2)cn1-c1ccccc1,1,Probes & drugs
O=C1C=CC2C(=C1)CC[C@@H]1C2=CCC2[C@@H](C(=O)CN3CCN(c4cc(N5CCCC5)nc(N5CCCC5)n4)CC3)CC[C@H]21,1,Probes & drugs
c1ccc(-c2ncnc(Nc3ccncc3)n2)nc1,1,Probes & drugs
O=c1[nH]c2ccccc2n1CCCN1CCN(C(c2ccccc2)c2ccccc2)CC1,1,Probes & drugs
C1=C[C@]23CCCN2CCc2cc4c(cc2[C@@H]3C1)OCO4,1,Probes & drugs
c1nsnc1N1CCOCC1,1,Probes & drugs
O=C1NC(=S)S/C1=C\C=C\c1ccccc1,1,Probes & drugs
O=C(Cc1ccccc1)NC[C@@H]1NCCS1,1,Probes & drugs
O=C(N[C@@H](CCN1[C@@H]2CC[C@H]1CC(n1cnnc1)C2)c1ccccc1)C1CCCCC1,1,Probes & drugs
c1ccc(C(Cn2ccnc2)OCc2csc3ccccc23)cc1,1,Probes & drugs
O=C(Nc1ccccc1)N[C@@H]1CCN[C@@H](c2nc3ccccc3[nH]2)C1,1,Probes & drugs
O=C1COC(=O)N1,1,Probes & drugs
O=C1OC2(c3ccccc3Oc3ccccc32)c2ccccc21,1,Probes & drugs
c1ccc(C(COc2ncccn2)c2ccccc2)cc1,1,Probes & drugs
c1ccc(C2CCC(N3CCC(c4ccccc4)CC3)CC2)cc1,1,Probes & drugs
c1ccc2c(Oc3ccc4ccoc4c3)ncnc2c1,1,Probes & drugs
O=C(NCCc1ccc(-n2c(=O)[nH]c3ccccc3c2=O)cc1)c1ccccc1,1,Probes & drugs
O=C1CC(=O)N(C2CCCCC2)C(=O)N1C1CCCCC1,1,Probes & drugs
c1ccc(-c2cc(N3CCNCC3)nc3c2CCCCCC3)cc1,1,Probes & drugs
C1=C[C@@H](c2ccccc2)c2cnccc2N1,1,Probes & drugs
O=C(N[C@@H]1CCN(Cc2ccccc2)C1)c1ccccc1,1,Probes & drugs
O=c1cc(CCNCCc2ccccc2)[nH]n1-c1ccccc1,1,Probes & drugs
O=C(Nc1ccccc1)[C@H]1CCCN(C(=O)c2ccccc2)[C@H]1c1ccc(NC2CCCC2)cc1,1,Probes & drugs
c1ccc(CCCOCCCN2CCCCC2)cc1,1,Probes & drugs
c1ccc(C(c2ccccc2)(c2ccccc2)n2ccnc2)cc1,1,Probes & drugs
c1ccc(-c2cc[nH]c2)cc1,1,Probes & drugs
c1ccc2c(c1)C[C@H]1NCCc3cccc-2c31,1,Probes & drugs
O=C1CC[C@]2(CC[C@@](COCc3ccccc3)(c3ccccc3)NC2)N1,1,Probes & drugs
COP(=O)(OC)OC=C(Cl)Cl,1,Probes & drugs
CCOC(=O)CC(SP(=S)(OC)OC)C(=O)OCC,1,Probes & drugs
O=c1[nH]c2cccc3c2n1CCCC3,1,Probes & drugs
c1ccc(-c2n[nH]cc2-c2ccncn2)cc1,1,Probes & drugs
c1ccc(-c2cc(OCc3ccccc3-n3cccn3)ncn2)cc1,1,Probes & drugs
O=c1[nH]c(=O)n(-c2ccc(Oc3ccccc3)cc2)c(=O)[nH]1,1,Probes & drugs
c1cc2c(ncc3ncc([C@@H]4CCNC4)n32)[nH]1,1,Probes & drugs
c1n[nH]c2c1CC1[C@@H](CC[C@H]3[C@@H]4CCCC4CC[C@H]13)C2,1,Probes & drugs
c1ccc2[nH]c(-c3cscn3)nc2c1,1,Probes & drugs
c1ccc(C2CCN(CCCC(c3ccccc3)c3ccccc3)CC2)cc1,1,Probes & drugs
O=C1Cc2ccccc2N1,1,Probes & drugs
O=C(Nc1cc2ccc(O[C@H]3CCCCO3)cc2oc1=O)c1ccccc1,1,Probes & drugs
O=C(OC[C@H]1CN[C@@H]2Cc3c[nH]c4cccc(c34)C2C1)c1cccnc1,1,Probes & drugs
c1ccc2c3c([nH]c2c1)COCC3,1,Probes & drugs
c1cc2c(cc1CCCN1CCCC1)OCCO2,1,Probes & drugs
O=C(c1cccc(Cc2n[nH]c(=O)c3ccccc23)c1)N1CCCNCC1,1,Probes & drugs
O=C1NCCN1CCN1CCC(c2cn(-c3ccccc3)c3ccccc23)CC1,1,Probes & drugs
C1CC[C@@H]2CCC3C4CCC5CCC[C@@H]5[C@H]4CC[C@@H]3C2C1,1,Probes & drugs
O=C1CNC(=O)N1c1ccccc1,1,Probes & drugs
c1ccc(-c2ccnc3ccnn23)cc1,1,Probes & drugs
C(=C/c1ccc2ccccc2n1)\c1cccc([C@@H](CCc2ccccc2)SCC2CC2)c1,1,Probes & drugs
O=C(NCCCCCCNC(=O)Oc1ccc[nH+]c1)Oc1ccc[nH+]c1,1,Probes & drugs
O=C(Nc1ccccc1)Nc1cccc(-c2cc3cnccc3[nH]c2=O)c1,1,Probes & drugs
O=C1[C@@H]2[C@H]3CC[C@H](C3)[C@@H]2C(=O)N1C[C@@H]1CCCC[C@H]1CN1CCN(c2nsc3ccccc23)CC1,1,Probes & drugs
O=C(/C=C/c1cccnc1)NCc1ccc(C(=O)Nc2ccccc2)cc1,1,Probes & drugs
C1CCCCCC1,1,Probes & drugs
O=C1Nc2ccccc2/C1=C/c1ccc[nH]1,1,Probes & drugs
O=C(Nc1ccccn1)[C@@H]1C[C@@]1(COc1cncnc1)c1ccccc1,1,Probes & drugs
O=C1c2ccccc2C(=O)N1Cc1ccccc1,1,Probes & drugs
c1ccc2c(c1)CCc1ccccc1C2O[C@H]1C[C@H]2CC[C@@H](C1)N2,1,Probes & drugs
O=c1[nH]nnn1CCN1CCC(Nc2ccccc2)CC1,1,Probes & drugs
O=C1OCCCCCCCCCCc2ccccc21,1,Probes & drugs
c1ccc(OCCNCCCOc2cccc3[nH]c4ccccc4c23)cc1,1,Probes & drugs
c1ccc2nc3c(cc2c1)CCCC3,1,Probes & drugs
O=C(Nc1ccc(C[C@@H]2CC[C@H](Cc3ccccc3)N2)cc1)[C@@H]1CCc2nccc(=O)n21,1,Probes & drugs
c1ccc(-c2sc3ccccc3c2Oc2ccc(OCCN3CCCCC3)cc2)cc1,1,Probes & drugs
C(CCN1CCCCC1)=C(c1cccs1)c1cccs1,1,Probes & drugs
O=C1N=COC1c1ccccc1,1,Probes & drugs
C(\CN1CCCC1)=C(\c1ccccc1)c1ccccn1,1,Probes & drugs
O=C1C[C@@H]2N1CC(Cn1ccnn1)S2(=O)=O,1,Probes & drugs
O=c1[nH]c(=O)c2nc[nH]c2[nH]1,1,Probes & drugs
O=C1NC[C@@H](c2cccs2)SC[C@@H]1NCCCc1ccccc1,1,Probes & drugs
O=C1c2cccc3c2[C@H](CCC3)CN1[C@@H]1CN2CCC1CC2,1,Probes & drugs
c1ccc(-c2nc3ncccc3[nH]2)cc1,1,Probes & drugs
C1CCC1,1,Probes & drugs
c1ccc(CNc2ccccc2[C@@H]2CCc3ccccc3C2)cc1,1,Probes & drugs
c1nc(-c2cnn(CC3CCCC3)c2)c2cc[nH]c2n1,1,Probes & drugs
C1CC2CCC1CO2,1,Probes & drugs
CC(O)(CC(=O)O)CC(=O)O,1,Probes & drugs
O=C1C=C([C@H]2CCC3C2CC[C@@H]2C4CC[C@H](O[C@H]5CCCCO5)C[C@H]4CC[C@@H]32)CO1,1,Probes & drugs
O=C1C=C2C=C[C@H]3[C@@H]4CCCC4CC[C@@H]3C2[C@H]2C[C@@H]12,1,Probes & drugs
C1=Cc2ccccc2Nc2ccccc21,1,Probes & drugs
O=C(CC1=CCC=CC1)N[C@@H]1C(=O)N2C=CCS[C@H]12,1,Probes & drugs
c1ccc([C@@H]2CC[C@@H](N3Cc4c[nH]nc4C3)CO2)cc1,1,Probes & drugs
c1ccc2c(c1)N[C@H]1[C@@H]3C[C@H]4CCN3[C@H]3C[C@@]21CC43,1,Probes & drugs
c1ccc(C2OC[C@H]([C@@H]3CCCCN3)O2)cc1,1,Probes & drugs
O=C(SCCC(=O)N1CC[C@H](Sc2ccccc2)C1)c1ccccc1,1,Probes & drugs
O=C(Nc1ccccc1)c1cnc(N2CCCC2)c(-c2ccn[nH]2)c1,1,Probes & drugs
c1ccc(-c2csc(CC(Cn3cncn3)c3ccccc3)n2)cc1,1,Probes & drugs
O=c1cc(-c2ccccc2)oc2cc(O[C@H]3CCCCO3)ccc12,1,Probes & drugs
O=C(Nc1ccc(CN2CCNCC2)cc1)c1cccc(C#Cc2cnc3cccnn23)c1,1,Probes & drugs
O=C1NCC[C@H]1CCNC(=O)[C@H]1NC[C@@H]2C[C@@H]21,1,Probes & drugs
O=C1NCCCN1[C@H]1CCCO1,1,Probes & drugs
O=c1c2ccccc2[se]n1-c1ccccc1,1,Probes & drugs
O=C(CCC=CCc1ccc2c(c1)C(=O)OC2)OCCN1CCOCC1,1,Probes & drugs
O=c1nc(-c2ccccc2)c2ccccc2[nH]1,1,Probes & drugs
c1ccc(N2CC[C@H](NCc3cccc4ccccc34)C2)cc1,1,Probes & drugs
O=C1CC(=O)N2c3ccccc3N=CN12,1,Probes & drugs
c1ccc(C2c3ccccc3C3=NCCN32)cc1,1,Probes & drugs
O=C(Nc1ccccc1)C1=COCCS1,1,Probes & drugs
O=C1CCC2[C@@H](C1)CC(=O)[C@H]1[C@@H]3CCCC3C(=O)C[C@H]21,1,Probes & drugs
O=C1C=CC(=O)C(Cc2ccccc2)=C1,1,Probes & drugs
O=C1OCCN1c1ccccc1,1,Probes & drugs
C1=C[C@H](N[C@H]2CC[C@@H](O[C@H]3CCCOC3)OC2)CCC1,1,Probes & drugs
N[C@@H](COP(=O)(O)O)C(=O)O,1,Probes & drugs
O=C(CN1CC(Oc2ccccc2)=CC1=O)Nc1cc[nH]n1,1,Probes & drugs
c1ccc(C(=C2CC[NH2+]CC2)c2ccccc2)cc1,1,Probes & drugs
O=C(OC1c2nccnc2C(=O)N1c1ccccn1)N1CCNCC1,1,Probes & drugs
O=C1c2c([nH]c3ccccc23)CCC1Cn1ccnc1,1,Probes & drugs
O=C(c1ccccc1)c1c[nH]c(=O)[nH]1,1,Probes & drugs
O=c1cnn(-c2ccc(Cc3ccccc3)cc2)c(=O)[nH]1,1,Probes & drugs
O=C1Nc2cccnc2N(C2CC2)c2ncccc21,1,Probes & drugs
C1=C[C@H]2[C@@H]3CCCC3CC[C@@H]2C2Cc3cnn(-c4ccccc4)c3C=C12,1,Probes & drugs
C(#Cc1nn([C@H]2CCNC2)c2ncncc12)c1ccccc1,1,Probes & drugs
O=C(/C=C/[C@H]1CCCN1)Nc1ccc2nccc(Nc3ccc(OCc4ccccn4)cc3)c2c1,1,Probes & drugs
c1ccc(-c2ccc(NCCN3CCOCC3)nn2)cc1,1,Probes & drugs
c1ccc(C[NH2+]CCOCCOc2ccccc2)cc1,1,Probes & drugs
C1=C(Cc2ccccn2)c2ccccc2C1,1,Probes & drugs
O=C(NC1CCN(CCCCC2c3ccccc3-c3ccccc32)CC1)c1ccccc1-c1ccccc1,1,Probes & drugs
O=C1CCNC(=O)C1,1,Probes & drugs
c1ccc(-c2cccnc2)cc1,1,Probes & drugs
O=C(Nc1ccncc1)c1cccc(OCC2CC2)c1,1,Probes & drugs
c1ccc(Sc2ccccc2N2CCNCC2)cc1,1,Probes & drugs
c1ccc(CC(c2ccccc2)c2ccccc2)cc1,1,Probes & drugs
O=C1CCc2cc(N3CCN(C(=O)c4ccccc4)CC3)ccc2N1,1,Probes & drugs
O=C1Nc2ccccc2C1(c1ccccc1)c1ccccc1,1,Probes & drugs
O=C1C=CCO1,1,Probes & drugs
c1ccc(C(c2ccccc2)[C@@H]2CCN(CCc3ccc4c(c3)CCO4)C2)cc1,1,Probes & drugs
O=c1c(Oc2ccccc2)cccn1Cc1nnc[nH]1,1,Probes & drugs
c1ccc2c(c1)CCC(CCNCCCc1nc3ccccc3[nH]1)C2,1,Probes & drugs
c1cc2c(c(C3CC3)c1)CCO2,1,Probes & drugs
C1=Nc2ccccc2C(c2ccccc2)=[NH+]C1,1,Probes & drugs
O=C1CCO1,1,Probes & drugs
C1=NCCc2ncn([C@H]3CCCO3)c2N1,1,Probes & drugs
O=C(Cn1cccn1)[C@H]1CC[C@@H]2C1CC[C@H]1[C@H]2CC[C@@H]2CCCC[C@@H]21,1,Probes & drugs
c1ccc(Cc2ccc3c(c2)[C@]2(CCCCO2)OC3)cc1,1,Probes & drugs
O=C1NC(=O)C2=C1c1cn(c3ccccc13)CCCOCCn1cc2c2ccccc21,1,Probes & drugs
c1ccc([C@@H](Cc2cccc3ccccc23)c2cnc3ccccc3c2)cc1,1,Probes & drugs
c1cc(-c2ccc3ccccc3c2)cc(C23CC4CC(CC(C4)C2)C3)c1,1,Probes & drugs
O=C(NCc1ccccc1)[C@@H]1CCN1C(=O)CC1CCCCC1,1,Probes & drugs
O=C1Nc2c(cnc3[nH]c(CN4CCOCC4)cc23)CN1c1ccccc1,1,Probes & drugs
c1ccc(-c2ccccn2)nc1,1,Probes & drugs
c1ccc2c(CCCCN3CCN(c4ccc5occc5c4)CC3)c[nH]c2c1,1,Probes & drugs
O=C1NCOc2ccccc21,1,Probes & drugs
N=C(C(=O)N[C@H]1CNC1=O)c1cscn1,1,Probes & drugs
O=C(Nc1ccncc1)C1CCCCC1,1,Probes & drugs
